Test,Statistic,P_Value,Significant
Friedman,29.439999999999998,0.0002653707267234869,True
