{
  "validation_0": {
    "score": [
      0.9971824199765377,
      0.9981617647058824,
      0.9983084045584045,
      0.998402673035026,
      0.998402673035026,
      0.9984079101726161,
      0.9984079101726161,
      0.9984131473102061,
      0.9984236215853863,
      0.9984236215853863,
      0.9984236215853863,
      0.9984236215853863,
      0.9984288587229764,
      0.9984288587229764,
      0.9984288587229764,
      0.9984288587229764,
      0.9984288587229764,
      0.9984288587229764,
      0.9984288587229764,
      0.9984288587229764,
      0.9984288587229764,
      0.9984288587229764,
      0.9984288587229764,
      0.9984288587229764,
      0.9984288587229764,
      0.9984288587229764,
      0.9984288587229764,
      0.9984288587229764,
      0.9984288587229764,
      0.9984288587229764
    ]
  },
  "validation_1": {
    "score": [
      0.9546322963300921,
      0.9564572699535202,
      0.9576263936810289,
      0.9583392740026804,
      0.9584248196412786,
      0.9593658216658587,
      0.9593658216658587,
      0.9594228520915908,
      0.9589951238985999,
      0.9590236391114659,
      0.9594228520915908,
      0.9596509737945194,
      0.9593658216658587,
      0.9594228520915908,
      0.9592232456015284,
      0.9589380934728677,
      0.9591091847500641,
      0.9591376999629302,
      0.9593658216658587,
      0.9593943368787248,
      0.9591662151757963,
      0.9593943368787248,
      0.9594513673044569,
      0.9591947303886623,
      0.9592232456015284,
      0.9591947303886623,
      0.9591376999629302,
      0.9590806695371981,
      0.9593658216658587,
      0.9593373064529926
    ]
  }
}