{
  "validation_0": {
    "score": [
      0.9964640127751796,
      0.9978113950039923,
      0.9980609102315501,
      0.9981963613550816,
      0.9982177483745865,
      0.9982462644005932,
      0.9982320063875898,
      0.9982391353940915,
      0.9982462644005932,
      0.9982605224135964,
      0.9982747804265998,
      0.9982747804265998,
      0.9982747804265998,
      0.9982819094331014,
      0.9982747804265998,
      0.9982819094331014,
      0.9982819094331014,
      0.9982819094331014,
      0.9982819094331014,
      0.9982819094331014,
      0.9982819094331014,
      0.9982819094331014,
      0.9982819094331014,
      0.9982819094331014,
      0.9982819094331014,
      0.9982819094331014,
      0.9982819094331014,
      0.9982819094331014,
      0.9982819094331014,
      0.9982819094331014
    ]
  },
  "validation_1": {
    "score": [
      0.9557443896318686,
      0.9571416350623058,
      0.9575123328295646,
      0.9579400610225556,
      0.9588240326214035,
      0.9584533348541446,
      0.9583963044284125,
      0.9577689697453592,
      0.9583107587898144,
      0.9587955174085374,
      0.9589666086857338,
      0.9589666086857338,
      0.9591091847500641,
      0.9589095782600017,
      0.9591376999629302,
      0.9592517608143944,
      0.959052154324332,
      0.9587955174085374,
      0.959052154324332,
      0.9591662151757963,
      0.9589951238985999,
      0.9588525478342695,
      0.9587955174085374,
      0.9589380934728677,
      0.9589380934728677,
      0.9591947303886623,
      0.9590806695371981,
      0.9592232456015284,
      0.9589951238985999,
      0.9590236391114659
    ]
  }
}