{
  "validation_0": {
    "score": [
      0.9965424318466979,
      0.9977828789779857,
      0.9980822972510551,
      0.9982248773810882,
      0.9982462644005932,
      0.9982533934070947,
      0.9982747804265998,
      0.9982676514200981,
      0.9982533934070947,
      0.9982605224135964,
      0.9982747804265998,
      0.9982747804265998,
      0.9982819094331014,
      0.9982819094331014,
      0.9982747804265998,
      0.9982819094331014,
      0.9982819094331014,
      0.9982819094331014,
      0.9982676514200981,
      0.9982819094331014,
      0.9982819094331014,
      0.9982819094331014,
      0.9982819094331014,
      0.9982819094331014,
      0.9982819094331014,
      0.9982819094331014,
      0.9982819094331014,
      0.9982819094331014,
      0.9982819094331014,
      0.9982819094331014
    ]
  },
  "validation_1": {
    "score": [
      0.9550885397359491,
      0.9573697567652343,
      0.9585388804927428,
      0.9589951238985999,
      0.9589666086857338,
      0.9589951238985999,
      0.9593087912401266,
      0.9593373064529926,
      0.9594513673044569,
      0.9589380934728677,
      0.9587955174085374,
      0.9588810630471356,
      0.9591376999629302,
      0.9593658216658587,
      0.9591376999629302,
      0.9591376999629302,
      0.9591091847500641,
      0.9593373064529926,
      0.959052154324332,
      0.9592517608143944,
      0.9594228520915908,
      0.9594228520915908,
      0.959508397730189,
      0.9596224585816533,
      0.9594228520915908,
      0.959479882517323,
      0.9594513673044569,
      0.959479882517323,
      0.9594228520915908,
      0.959508397730189
    ]
  }
}