{
  "validation_0": {
    "score": [
      0.9964426257556747,
      0.9978327820234972,
      0.9981179422835633,
      0.9982106193680849,
      0.9982391353940915,
      0.9982391353940915,
      0.9982391353940915,
      0.9982462644005932,
      0.9982533934070947,
      0.9982605224135964,
      0.9982676514200981,
      0.9982676514200981,
      0.9982676514200981,
      0.9982676514200981,
      0.9982533934070947,
      0.9982533934070947,
      0.9982676514200981,
      0.9982676514200981,
      0.9982676514200981,
      0.9982676514200981,
      0.9982676514200981,
      0.9982819094331014,
      0.9982819094331014,
      0.9982819094331014,
      0.9982819094331014,
      0.9982676514200981,
      0.9982819094331014,
      0.9982819094331014,
      0.9982676514200981,
      0.9982676514200981
    ]
  },
  "validation_1": {
    "score": [
      0.9535487182411817,
      0.9560295417605292,
      0.9570846046365736,
      0.9573127263395022,
      0.9582537283640823,
      0.9584818500670107,
      0.9587670021956713,
      0.9587955174085374,
      0.9586529413442071,
      0.9589666086857338,
      0.9591091847500641,
      0.9589666086857338,
      0.9595369129430551,
      0.9593087912401266,
      0.9596794890073854,
      0.959479882517323,
      0.9598505802845818,
      0.9597650346459836,
      0.9595369129430551,
      0.959479882517323,
      0.959508397730189,
      0.9596509737945194,
      0.9594513673044569,
      0.959508397730189,
      0.9597080042202515,
      0.959508397730189,
      0.959508397730189,
      0.9593943368787248,
      0.9594228520915908,
      0.9595654281559212
    ]
  }
}