{
  "experiment_id": "multi_rf_s2a_s42",
  "seed": 42,
  "task": "multi",
  "model": "rf",
  "strategy": "s2a",
  "timestamp": "2026-01-22T23:31:52.620853",
  "training_time_seconds": 164.42178797721863,
  "total_time_seconds": 170.1795358657837,
  "train_samples": 448000,
  "test_samples": 82332,
  "metrics": {
    "overall": {
      "accuracy": 0.7276878977797211,
      "macro_f1": 0.49258106182674544,
      "weighted_f1": 0.7683860663837573,
      "g_mean": 0.729296334584302,
      "roc_auc": 0.91064921708899
    },
    "per_class": {
      "Analysis": {
        "precision": 0.034650785056848946,
        "recall": 0.09453471196454949,
        "f1": 0.05071315372424723,
        "support": 677
      },
      "Backdoor": {
        "precision": 0.049570508231925554,
        "recall": 0.4751286449399657,
        "f1": 0.08977475287635715,
        "support": 583
      },
      "DoS": {
        "precision": 0.36338946224877783,
        "recall": 0.1636096845194424,
        "f1": 0.22563237774030354,
        "support": 4089
      },
      "Exploits": {
        "precision": 0.7463004257044394,
        "recall": 0.6614265181458857,
        "f1": 0.7013048861796362,
        "support": 11132
      },
      "Fuzzers": {
        "precision": 0.27943496343037433,
        "recall": 0.6428571428571429,
        "f1": 0.38954418232706917,
        "support": 6062
      },
      "Generic": {
        "precision": 0.9989587329424015,
        "recall": 0.9659265539717026,
        "f1": 0.9821649873376799,
        "support": 18871
      },
      "Normal": {
        "precision": 0.9729519721749427,
        "recall": 0.7106756756756757,
        "f1": 0.8213850623184331,
        "support": 37000
      },
      "Reconnaissance": {
        "precision": 0.8867394695787831,
        "recall": 0.812929061784897,
        "f1": 0.8482316072228026,
        "support": 3496
      },
      "Shellcode": {
        "precision": 0.35656836461126007,
        "recall": 0.7037037037037037,
        "f1": 0.47330960854092524,
        "support": 378
      },
      "Worms": {
        "precision": 0.55,
        "recall": 0.25,
        "f1": 0.34375,
        "support": 44
      }
    },
    "confusion_matrix": [
      [
        64,
        339,
        141,
        56,
        66,
        0,
        10,
        1,
        0,
        0
      ],
      [
        60,
        277,
        147,
        16,
        70,
        0,
        8,
        1,
        4,
        0
      ],
      [
        454,
        1993,
        669,
        690,
        166,
        6,
        13,
        53,
        44,
        1
      ],
      [
        486,
        2044,
        462,
        7363,
        352,
        4,
        85,
        244,
        89,
        3
      ],
      [
        152,
        673,
        284,
        272,
        3897,
        2,
        603,
        24,
        155,
        0
      ],
      [
        14,
        15,
        61,
        463,
        66,
        18228,
        3,
        3,
        15,
        3
      ],
      [
        565,
        0,
        43,
        694,
        9225,
        6,
        26295,
        31,
        140,
        1
      ],
      [
        52,
        247,
        28,
        244,
        48,
        0,
        2,
        2842,
        33,
        0
      ],
      [
        0,
        0,
        6,
        40,
        53,
        0,
        6,
        6,
        266,
        1
      ],
      [
        0,
        0,
        0,
        28,
        3,
        1,
        1,
        0,
        0,
        11
      ]
    ]
  },
  "rare_class_analysis": {
    "Worms": {
      "precision": 0.55,
      "recall": 0.25,
      "f1": 0.34375,
      "support": 44
    },
    "Shellcode": {
      "precision": 0.35656836461126007,
      "recall": 0.7037037037037037,
      "f1": 0.47330960854092524,
      "support": 378
    },
    "Backdoor": {
      "precision": 0.049570508231925554,
      "recall": 0.4751286449399657,
      "f1": 0.08977475287635715,
      "support": 583
    },
    "Analysis": {
      "precision": 0.034650785056848946,
      "recall": 0.09453471196454949,
      "f1": 0.05071315372424723,
      "support": 677
    }
  }
}