{
  "experiment_id": "multi_lr_s1_s42",
  "seed": 42,
  "task": "multi",
  "model": "lr",
  "strategy": "s1",
  "timestamp": "2026-01-22T23:31:38.152352",
  "training_time_seconds": 274.07481575012207,
  "total_time_seconds": 274.5152223110199,
  "train_samples": 140272,
  "test_samples": 82332,
  "metrics": {
    "overall": {
      "accuracy": 0.6205849487441092,
      "macro_f1": 0.35375438354356914,
      "weighted_f1": 0.6848476257590828,
      "g_mean": 0.7284230727603056,
      "roc_auc": 0.9421866189093807
    },
    "per_class": {
      "Analysis": {
        "precision": 0.059221160911094785,
        "recall": 0.5952732644017725,
        "f1": 0.10772520716385993,
        "support": 677
      },
      "Backdoor": {
        "precision": 0.04025110782865583,
        "recall": 0.18696397941680962,
        "f1": 0.06624126405347919,
        "support": 583
      },
      "DoS": {
        "precision": 0.4184744576627012,
        "recall": 0.1462460259232086,
        "f1": 0.21674519753533888,
        "support": 4089
      },
      "Exploits": {
        "precision": 0.8037790697674418,
        "recall": 0.4470894717930291,
        "f1": 0.5745786192565228,
        "support": 11132
      },
      "Fuzzers": {
        "precision": 0.275812892184826,
        "recall": 0.6380732431540745,
        "f1": 0.3851438813103654,
        "support": 6062
      },
      "Generic": {
        "precision": 0.9964352308873533,
        "recall": 0.9628000635896349,
        "f1": 0.9793289314108611,
        "support": 18871
      },
      "Normal": {
        "precision": 0.9797084228325945,
        "recall": 0.5793783783783784,
        "f1": 0.7281466007710466,
        "support": 37000
      },
      "Reconnaissance": {
        "precision": 0.34175761056863874,
        "recall": 0.3403890160183066,
        "f1": 0.3410719403840642,
        "support": 3496
      },
      "Shellcode": {
        "precision": 0.05648574057037718,
        "recall": 0.8121693121693122,
        "f1": 0.10562532255289868,
        "support": 378
      },
      "Worms": {
        "precision": 0.01680672268907563,
        "recall": 0.8181818181818182,
        "f1": 0.03293687099725526,
        "support": 44
      }
    },
    "confusion_matrix": [
      [
        403,
        141,
        56,
        0,
        18,
        0,
        58,
        1,
        0,
        0
      ],
      [
        363,
        109,
        35,
        8,
        27,
        0,
        2,
        27,
        8,
        4
      ],
      [
        1379,
        970,
        598,
        539,
        152,
        23,
        53,
        86,
        124,
        165
      ],
      [
        1738,
        1030,
        535,
        4977,
        683,
        31,
        304,
        175,
        496,
        1163
      ],
      [
        830,
        293,
        94,
        32,
        3868,
        3,
        15,
        311,
        486,
        130
      ],
      [
        13,
        22,
        28,
        288,
        143,
        18169,
        12,
        31,
        50,
        115
      ],
      [
        1956,
        14,
        10,
        337,
        8981,
        1,
        21437,
        1614,
        2548,
        102
      ],
      [
        123,
        129,
        73,
        11,
        128,
        7,
        0,
        1190,
        1412,
        423
      ],
      [
        0,
        0,
        0,
        0,
        21,
        0,
        0,
        46,
        307,
        4
      ],
      [
        0,
        0,
        0,
        0,
        3,
        0,
        0,
        1,
        4,
        36
      ]
    ]
  },
  "rare_class_analysis": {
    "Worms": {
      "precision": 0.01680672268907563,
      "recall": 0.8181818181818182,
      "f1": 0.03293687099725526,
      "support": 44
    },
    "Shellcode": {
      "precision": 0.05648574057037718,
      "recall": 0.8121693121693122,
      "f1": 0.10562532255289868,
      "support": 378
    },
    "Backdoor": {
      "precision": 0.04025110782865583,
      "recall": 0.18696397941680962,
      "f1": 0.06624126405347919,
      "support": 583
    },
    "Analysis": {
      "precision": 0.059221160911094785,
      "recall": 0.5952732644017725,
      "f1": 0.10772520716385993,
      "support": 677
    }
  }
}