{
  "experiment_id": "binary_xgb_s2a",
  "task": "binary",
  "model": "xgb",
  "strategy": "s2a",
  "timestamp": "2026-01-18T00:58:33.836496",
  "training_time_seconds": 4.806014060974121,
  "total_time_seconds": 5.504323482513428,
  "train_samples": 190944,
  "test_samples": 82332,
  "metrics": {
    "overall": {
      "accuracy": 0.8931399698780547,
      "macro_f1": 0.8895436600558222,
      "weighted_f1": 0.8915606534213877,
      "g_mean": 0.8839321629491488,
      "roc_auc": 0.983762603113128
    },
    "per_class": {
      "Normal": {
        "precision": 0.9626919543247145,
        "recall": 0.7929459459459459,
        "f1": 0.8696128994012686,
        "support": 37000
      },
      "Attack": {
        "precision": 0.8522639617402037,
        "recall": 0.9749183799523515,
        "f1": 0.9094744207103758,
        "support": 45332
      }
    },
    "confusion_matrix": [
      [
        29339,
        7661
      ],
      [
        1137,
        44195
      ]
    ]
  },
  "rare_class_analysis": null
}