{
  "experiment_id": "binary_rf_s2a_s42",
  "seed": 42,
  "task": "binary",
  "model": "rf",
  "strategy": "s2a",
  "timestamp": "2026-01-22T19:34:43.444515",
  "training_time_seconds": 27.870635509490967,
  "total_time_seconds": 36.288835763931274,
  "train_samples": 190944,
  "test_samples": 82332,
  "metrics": {
    "overall": {
      "accuracy": 0.9006704562017198,
      "macro_f1": 0.8976357375063967,
      "weighted_f1": 0.8994194054077392,
      "g_mean": 0.8923850546478712,
      "roc_auc": 0.9839226845304672
    },
    "per_class": {
      "Normal": {
        "precision": 0.9625433303376557,
        "recall": 0.8105135135135135,
        "f1": 0.8800105640002348,
        "support": 37000
      },
      "Attack": {
        "precision": 0.8630021885258715,
        "recall": 0.9742565957822289,
        "f1": 0.9152609110125586,
        "support": 45332
      }
    },
    "confusion_matrix": [
      [
        29989,
        7011
      ],
      [
        1167,
        44165
      ]
    ]
  },
  "rare_class_analysis": null
}