{
  "experiment_id": "binary_rf_s1_s46",
  "seed": 46,
  "task": "binary",
  "model": "rf",
  "strategy": "s1",
  "timestamp": "2026-01-22T19:34:36.725616",
  "training_time_seconds": 20.257526636123657,
  "total_time_seconds": 30.82405185699463,
  "train_samples": 140272,
  "test_samples": 82332,
  "metrics": {
    "overall": {
      "accuracy": 0.898362726521887,
      "macro_f1": 0.8950619168407341,
      "weighted_f1": 0.8969453811787266,
      "g_mean": 0.889524401353617,
      "roc_auc": 0.984217795853296
    },
    "per_class": {
      "Normal": {
        "precision": 0.9658639765701269,
        "recall": 0.8021891891891892,
        "f1": 0.8764506127270043,
        "support": 37000
      },
      "Attack": {
        "precision": 0.8581644122320841,
        "recall": 0.9768596135180446,
        "f1": 0.9136732209544639,
        "support": 45332
      }
    },
    "confusion_matrix": [
      [
        29681,
        7319
      ],
      [
        1049,
        44283
      ]
    ]
  },
  "rare_class_analysis": null
}