{
  "experiment_id": "binary_xgb_s2a",
  "task": "binary",
  "model": "xgb",
  "strategy": "s2a",
  "timestamp": "2026-01-22T12:38:16.603566",
  "training_time_seconds": 2.3904690742492676,
  "total_time_seconds": 2.6639978885650635,
  "train_samples": 190944,
  "test_samples": 82332,
  "metrics": {
    "overall": {
      "accuracy": 0.9056381479862022,
      "macro_f1": 0.9030393437740654,
      "weighted_f1": 0.9046457861433453,
      "g_mean": 0.8982697456125498,
      "roc_auc": 0.9852264070962342
    },
    "per_class": {
      "Normal": {
        "precision": 0.95884218127021,
        "recall": 0.8254594594594594,
        "f1": 0.8871654103670138,
        "support": 37000
      },
      "Attack": {
        "precision": 0.8720656114423819,
        "recall": 0.9710800317656402,
        "f1": 0.918913277181117,
        "support": 45332
      }
    },
    "confusion_matrix": [
      [
        30542,
        6458
      ],
      [
        1311,
        44021
      ]
    ]
  },
  "rare_class_analysis": null
}