{
  "experiment_id": "binary_rf_s0_s44",
  "seed": 44,
  "task": "binary",
  "model": "rf",
  "strategy": "s0",
  "timestamp": "2026-01-22T19:33:53.078824",
  "training_time_seconds": 12.288780212402344,
  "total_time_seconds": 25.658578872680664,
  "train_samples": 140272,
  "test_samples": 82332,
  "metrics": {
    "overall": {
      "accuracy": 0.8642447650974104,
      "macro_f1": 0.8570662037624217,
      "weighted_f1": 0.8603078585802162,
      "g_mean": 0.8502733776748601,
      "roc_auc": 0.9824298046723156
    },
    "per_class": {
      "Normal": {
        "precision": 0.9803206725940256,
        "recall": 0.7122162162162162,
        "f1": 0.8250340476824095,
        "support": 37000
      },
      "Attack": {
        "precision": 0.8079746082126562,
        "recall": 0.9883305391335039,
        "f1": 0.8890983598424338,
        "support": 45332
      }
    },
    "confusion_matrix": [
      [
        26352,
        10648
      ],
      [
        529,
        44803
      ]
    ]
  },
  "rare_class_analysis": null
}