{
  "experiment_id": "binary_lr_s0_s44",
  "seed": 44,
  "task": "binary",
  "model": "lr",
  "strategy": "s0",
  "timestamp": "2026-01-22T19:35:15.735585",
  "training_time_seconds": 543.3686320781708,
  "total_time_seconds": 543.797265291214,
  "train_samples": 140272,
  "test_samples": 82332,
  "metrics": {
    "overall": {
      "accuracy": 0.8069644852548219,
      "macro_f1": 0.7925522660718973,
      "weighted_f1": 0.7980857719118185,
      "g_mean": 0.7883642567388707,
      "roc_auc": 0.9540646068286587
    },
    "per_class": {
      "Normal": {
        "precision": 0.9465955736109348,
        "recall": 0.6045675675675676,
        "f1": 0.7378733651102571,
        "support": 37000
      },
      "Attack": {
        "precision": 0.7507538202074923,
        "recall": 0.9721609459101739,
        "f1": 0.8472311670335374,
        "support": 45332
      }
    },
    "confusion_matrix": [
      [
        22369,
        14631
      ],
      [
        1262,
        44070
      ]
    ]
  },
  "rare_class_analysis": null
}