{
  "experiment_id": "binary_rf_s1",
  "task": "binary",
  "model": "rf",
  "strategy": "s1",
  "timestamp": "2026-01-22T12:38:01.594609",
  "training_time_seconds": 4.859623908996582,
  "total_time_seconds": 5.218258380889893,
  "train_samples": 140272,
  "test_samples": 82332,
  "metrics": {
    "overall": {
      "accuracy": 0.8972331535733372,
      "macro_f1": 0.8938696456168906,
      "weighted_f1": 0.8957816841167962,
      "g_mean": 0.8883148363664115,
      "roc_auc": 0.9839518671256627
    },
    "per_class": {
      "Normal": {
        "precision": 0.9651833740831296,
        "recall": 0.8001891891891892,
        "f1": 0.8749759881787957,
        "support": 37000
      },
      "Attack": {
        "precision": 0.8568829006717386,
        "recall": 0.9764404835436337,
        "f1": 0.9127633030549857,
        "support": 45332
      }
    },
    "confusion_matrix": [
      [
        29607,
        7393
      ],
      [
        1068,
        44264
      ]
    ]
  },
  "rare_class_analysis": null
}