{
  "experiment_id": "binary_xgb_s1",
  "task": "binary",
  "model": "xgb",
  "strategy": "s1",
  "timestamp": "2026-01-18T00:58:27.917177",
  "training_time_seconds": 3.5916900634765625,
  "total_time_seconds": 3.8492751121520996,
  "train_samples": 140272,
  "test_samples": 82332,
  "metrics": {
    "overall": {
      "accuracy": 0.8957149103629208,
      "macro_f1": 0.8924841493097359,
      "weighted_f1": 0.894370269061357,
      "g_mean": 0.887259010400147,
      "roc_auc": 0.9838146923836394
    },
    "per_class": {
      "Normal": {
        "precision": 0.9574050225370251,
        "recall": 0.8037027027027027,
        "f1": 0.8738466059359389,
        "support": 37000
      },
      "Attack": {
        "precision": 0.8583437353721329,
        "recall": 0.9708153180975911,
        "f1": 0.9111216926835328,
        "support": 45332
      }
    },
    "confusion_matrix": [
      [
        29737,
        7263
      ],
      [
        1323,
        44009
      ]
    ]
  },
  "rare_class_analysis": null
}