{
  "experiment_id": "binary_rf_s1_s44",
  "seed": 44,
  "task": "binary",
  "model": "rf",
  "strategy": "s1",
  "timestamp": "2026-01-22T22:06:08.872817",
  "training_time_seconds": 16.416388034820557,
  "total_time_seconds": 20.787837266921997,
  "train_samples": 140272,
  "test_samples": 82332,
  "metrics": {
    "overall": {
      "accuracy": 0.8968201914201039,
      "macro_f1": 0.893401146905832,
      "weighted_f1": 0.8953331563254939,
      "g_mean": 0.8877883149186423,
      "roc_auc": 0.9837972177043363
    },
    "per_class": {
      "Normal": {
        "precision": 0.9659659332396116,
        "recall": 0.7985405405405406,
        "f1": 0.8743101484013198,
        "support": 37000
      },
      "Attack": {
        "precision": 0.8559474345347377,
        "recall": 0.977036089296744,
        "f1": 0.9124921454103444,
        "support": 45332
      }
    },
    "confusion_matrix": [
      [
        29546,
        7454
      ],
      [
        1041,
        44291
      ]
    ]
  },
  "rare_class_analysis": null
}