{
  "experiment_id": "binary_lr_s2a",
  "task": "binary",
  "model": "lr",
  "strategy": "s2a",
  "timestamp": "2026-01-22T12:37:50.086480",
  "training_time_seconds": 291.92466735839844,
  "total_time_seconds": 292.1683657169342,
  "train_samples": 190944,
  "test_samples": 82332,
  "metrics": {
    "overall": {
      "accuracy": 0.8348880143807997,
      "macro_f1": 0.8286854221018791,
      "weighted_f1": 0.8319842858110561,
      "g_mean": 0.8240715203865296,
      "roc_auc": 0.9548763435411056
    },
    "per_class": {
      "Normal": {
        "precision": 0.8944920110564283,
        "recall": 0.7171891891891892,
        "f1": 0.7960879608796088,
        "support": 37000
      },
      "Attack": {
        "precision": 0.8013139406827935,
        "recall": 0.9309538515838701,
        "f1": 0.8612828833241495,
        "support": 45332
      }
    },
    "confusion_matrix": [
      [
        26536,
        10464
      ],
      [
        3130,
        42202
      ]
    ]
  },
  "rare_class_analysis": null
}