{
  "experiment_id": "binary_baseline_zeror",
  "task": "binary",
  "model": "baseline",
  "strategy": "zeror",
  "timestamp": "2026-01-22T18:40:13.661662",
  "training_time_seconds": 0.029154300689697266,
  "total_time_seconds": 0.029154300689697266,
  "metrics": {
    "overall": {
      "accuracy": 0.5506000097167566,
      "macro_f1": 0.3550883569369595,
      "weighted_f1": 0.391023305559594,
      "g_mean": 0.5,
      "roc_auc": 0.5
    },
    "per_class": {
      "Normal": {
        "precision": 0.0,
        "recall": 0.0,
        "f1": 0.0,
        "support": 37000
      },
      "Attack": {
        "precision": 0.5506000097167566,
        "recall": 1.0,
        "f1": 0.710176713873919,
        "support": 45332
      }
    },
    "confusion_matrix": [
      [
        0,
        37000
      ],
      [
        0,
        45332
      ]
    ]
  }
}