{
  "experiment_id": "binary_rf_s1_s43",
  "seed": 43,
  "task": "binary",
  "model": "rf",
  "strategy": "s1",
  "timestamp": "2026-01-22T19:34:07.100667",
  "training_time_seconds": 21.87748074531555,
  "total_time_seconds": 27.318607091903687,
  "train_samples": 140272,
  "test_samples": 82332,
  "metrics": {
    "overall": {
      "accuracy": 0.8982655589564204,
      "macro_f1": 0.8949690647219266,
      "weighted_f1": 0.896852129987373,
      "g_mean": 0.8894460985736464,
      "roc_auc": 0.9840277463446858
    },
    "per_class": {
      "Normal": {
        "precision": 0.9654914460417615,
        "recall": 0.8022972972972973,
        "f1": 0.8763617040120449,
        "support": 37000
      },
      "Attack": {
        "precision": 0.8581979606870082,
        "recall": 0.9765948998499956,
        "f1": 0.9135764254318083,
        "support": 45332
      }
    },
    "confusion_matrix": [
      [
        29685,
        7315
      ],
      [
        1061,
        44271
      ]
    ]
  },
  "rare_class_analysis": null
}