{
  "experiment_id": "binary_lr_s0_s43",
  "seed": 43,
  "task": "binary",
  "model": "lr",
  "strategy": "s0",
  "timestamp": "2026-01-22T19:33:06.344256",
  "training_time_seconds": 414.0848925113678,
  "total_time_seconds": 414.3353147506714,
  "train_samples": 140272,
  "test_samples": 82332,
  "metrics": {
    "overall": {
      "accuracy": 0.8069523393091386,
      "macro_f1": 0.7925377857429227,
      "weighted_f1": 0.7980719328405962,
      "g_mean": 0.7883507432253571,
      "roc_auc": 0.9540645442274533
    },
    "per_class": {
      "Normal": {
        "precision": 0.9465933135844266,
        "recall": 0.6045405405405405,
        "f1": 0.7378525482434438,
        "support": 37000
      },
      "Attack": {
        "precision": 0.750741030969984,
        "recall": 0.9721609459101739,
        "f1": 0.8472230232424015,
        "support": 45332
      }
    },
    "confusion_matrix": [
      [
        22368,
        14632
      ],
      [
        1262,
        44070
      ]
    ]
  },
  "rare_class_analysis": null
}