{
  "experiment_id": "binary_xgb_s0_s46",
  "seed": 46,
  "task": "binary",
  "model": "xgb",
  "strategy": "s0",
  "timestamp": "2026-01-22T19:35:24.809178",
  "training_time_seconds": 20.93225884437561,
  "total_time_seconds": 22.50417399406433,
  "train_samples": 140272,
  "test_samples": 82332,
  "metrics": {
    "overall": {
      "accuracy": 0.8738400621872419,
      "macro_f1": 0.8679296937029575,
      "weighted_f1": 0.87075711462568,
      "g_mean": 0.8612520741866017,
      "roc_auc": 0.9852634485275005
    },
    "per_class": {
      "Normal": {
        "precision": 0.9766792047286406,
        "recall": 0.7368648648648649,
        "f1": 0.8399907571439574,
        "support": 37000
      },
      "Attack": {
        "precision": 0.821085322601393,
        "recall": 0.9856392835083385,
        "f1": 0.8958686302619575,
        "support": 45332
      }
    },
    "confusion_matrix": [
      [
        27264,
        9736
      ],
      [
        651,
        44681
      ]
    ]
  },
  "rare_class_analysis": null
}