{
  "experiment_id": "binary_rf_s2a",
  "task": "binary",
  "model": "rf",
  "strategy": "s2a",
  "timestamp": "2026-01-22T12:38:09.164723",
  "training_time_seconds": 6.794055938720703,
  "total_time_seconds": 7.286587715148926,
  "train_samples": 190944,
  "test_samples": 82332,
  "metrics": {
    "overall": {
      "accuracy": 0.8990550454258368,
      "macro_f1": 0.8959318269574722,
      "weighted_f1": 0.8977563138310902,
      "g_mean": 0.8906448842295044,
      "roc_auc": 0.9833780698438668
    },
    "per_class": {
      "Normal": {
        "precision": 0.9616981557179182,
        "recall": 0.8075405405405406,
        "f1": 0.8779033040003525,
        "support": 37000
      },
      "Attack": {
        "precision": 0.8610888945243158,
        "recall": 0.9737492279184682,
        "f1": 0.9139603499145919,
        "support": 45332
      }
    },
    "confusion_matrix": [
      [
        29879,
        7121
      ],
      [
        1190,
        44142
      ]
    ]
  },
  "rare_class_analysis": null
}