{
  "experiment_id": "binary_rf_s0_s45",
  "seed": 45,
  "task": "binary",
  "model": "rf",
  "strategy": "s0",
  "timestamp": "2026-01-22T19:34:03.208056",
  "training_time_seconds": 23.154597997665405,
  "total_time_seconds": 28.81143856048584,
  "train_samples": 140272,
  "test_samples": 82332,
  "metrics": {
    "overall": {
      "accuracy": 0.8644633921197105,
      "macro_f1": 0.8573127397264672,
      "weighted_f1": 0.8605452955151115,
      "g_mean": 0.8505191046954481,
      "roc_auc": 0.9817503141984303
    },
    "per_class": {
      "Normal": {
        "precision": 0.9802981301810342,
        "recall": 0.7127297297297297,
        "f1": 0.825370494984429,
        "support": 37000
      },
      "Attack": {
        "precision": 0.8082480922227634,
        "recall": 0.9883084796611665,
        "f1": 0.8892549844685053,
        "support": 45332
      }
    },
    "confusion_matrix": [
      [
        26371,
        10629
      ],
      [
        530,
        44802
      ]
    ]
  },
  "rare_class_analysis": null
}