{
  "experiment_id": "binary_xgb_s0",
  "task": "binary",
  "model": "xgb",
  "strategy": "s0",
  "timestamp": "2026-01-22T12:38:11.539996",
  "training_time_seconds": 1.9145228862762451,
  "total_time_seconds": 2.064954996109009,
  "train_samples": 140272,
  "test_samples": 82332,
  "metrics": {
    "overall": {
      "accuracy": 0.8742894621775251,
      "macro_f1": 0.8684347791234055,
      "weighted_f1": 0.8712434628640161,
      "g_mean": 0.8617669768506705,
      "roc_auc": 0.9851286064256262
    },
    "per_class": {
      "Normal": {
        "precision": 0.9765055070805321,
        "recall": 0.738027027027027,
        "f1": 0.8406809925497198,
        "support": 37000
      },
      "Attack": {
        "precision": 0.8217149793996469,
        "recall": 0.9855069266743139,
        "f1": 0.8961885656970913,
        "support": 45332
      }
    },
    "confusion_matrix": [
      [
        27307,
        9693
      ],
      [
        657,
        44675
      ]
    ]
  },
  "rare_class_analysis": null
}