{
  "experiment_id": "binary_rf_s0_s43",
  "seed": 43,
  "task": "binary",
  "model": "rf",
  "strategy": "s0",
  "timestamp": "2026-01-22T19:33:37.199800",
  "training_time_seconds": 9.16631269454956,
  "total_time_seconds": 14.527421951293945,
  "train_samples": 140272,
  "test_samples": 82332,
  "metrics": {
    "overall": {
      "accuracy": 0.86639459748336,
      "macro_f1": 0.8594044730959965,
      "weighted_f1": 0.8625770254652914,
      "g_mean": 0.8525609509182703,
      "roc_auc": 0.9825613977716358
    },
    "per_class": {
      "Normal": {
        "precision": 0.9819455772225105,
        "recall": 0.7158648648648649,
        "f1": 0.8280551474036327,
        "support": 37000
      },
      "Attack": {
        "precision": 0.8100906824668521,
        "recall": 0.9892570369716757,
        "f1": 0.8907537987883604,
        "support": 45332
      }
    },
    "confusion_matrix": [
      [
        26487,
        10513
      ],
      [
        487,
        44845
      ]
    ]
  },
  "rare_class_analysis": null
}