{
  "experiment_id": "binary_rf_s1_s44",
  "seed": 44,
  "task": "binary",
  "model": "rf",
  "strategy": "s1",
  "timestamp": "2026-01-22T19:34:15.852291",
  "training_time_seconds": 10.071836471557617,
  "total_time_seconds": 18.968689441680908,
  "train_samples": 140272,
  "test_samples": 82332,
  "metrics": {
    "overall": {
      "accuracy": 0.8963586454841374,
      "macro_f1": 0.8929531163532747,
      "weighted_f1": 0.8948853511996041,
      "g_mean": 0.887396506495024,
      "roc_auc": 0.9840343024794845
    },
    "per_class": {
      "Normal": {
        "precision": 0.9644337129245929,
        "recall": 0.7988378378378378,
        "f1": 0.8738598903129481,
        "support": 37000
      },
      "Attack": {
        "precision": 0.8559930347296121,
        "recall": 0.9759551751522103,
        "f1": 0.9120463423936012,
        "support": 45332
      }
    },
    "confusion_matrix": [
      [
        29557,
        7443
      ],
      [
        1090,
        44242
      ]
    ]
  },
  "rare_class_analysis": null
}