{
  "experiment_id": "binary_rf_s1_s45",
  "seed": 45,
  "task": "binary",
  "model": "rf",
  "strategy": "s1",
  "timestamp": "2026-01-22T19:34:37.887079",
  "training_time_seconds": 22.109949350357056,
  "total_time_seconds": 32.111725091934204,
  "train_samples": 140272,
  "test_samples": 82332,
  "metrics": {
    "overall": {
      "accuracy": 0.8967594616916873,
      "macro_f1": 0.8934132182900798,
      "weighted_f1": 0.8953244398435617,
      "g_mean": 0.8879219333160038,
      "roc_auc": 0.9837964363816742
    },
    "per_class": {
      "Normal": {
        "precision": 0.9635050741608119,
        "recall": 0.8005945945945946,
        "f1": 0.8745276334435522,
        "support": 37000
      },
      "Attack": {
        "precision": 0.8569822439326975,
        "recall": 0.9752492720374129,
        "f1": 0.9122988031366075,
        "support": 45332
      }
    },
    "confusion_matrix": [
      [
        29622,
        7378
      ],
      [
        1122,
        44210
      ]
    ]
  },
  "rare_class_analysis": null
}