{
  "experiment_id": "binary_rf_s1_s43",
  "seed": 43,
  "task": "binary",
  "model": "rf",
  "strategy": "s1",
  "timestamp": "2026-01-22T22:05:59.462426",
  "training_time_seconds": 20.200648069381714,
  "total_time_seconds": 27.128664255142212,
  "train_samples": 140272,
  "test_samples": 82332,
  "metrics": {
    "overall": {
      "accuracy": 0.8964193752125541,
      "macro_f1": 0.8930277993148702,
      "weighted_f1": 0.8949553989314801,
      "g_mean": 0.8874889118360396,
      "roc_auc": 0.9837108283391482
    },
    "per_class": {
      "Normal": {
        "precision": 0.9641366718831508,
        "recall": 0.7992432432432433,
        "f1": 0.8739803759309611,
        "support": 37000
      },
      "Attack": {
        "precision": 0.8562137049941928,
        "recall": 0.9757345804288361,
        "f1": 0.9120752226987793,
        "support": 45332
      }
    },
    "confusion_matrix": [
      [
        29572,
        7428
      ],
      [
        1100,
        44232
      ]
    ]
  },
  "rare_class_analysis": null
}