{
  "experiment_id": "binary_xgb_s0_s42",
  "seed": 42,
  "task": "binary",
  "model": "xgb",
  "strategy": "s0",
  "timestamp": "2026-01-22T19:35:17.875220",
  "training_time_seconds": 30.32636547088623,
  "total_time_seconds": 32.62572979927063,
  "train_samples": 140272,
  "test_samples": 82332,
  "metrics": {
    "overall": {
      "accuracy": 0.8737307486760919,
      "macro_f1": 0.8679206756942932,
      "weighted_f1": 0.87072409983631,
      "g_mean": 0.8613266709752194,
      "roc_auc": 0.9847805839678909
    },
    "per_class": {
      "Normal": {
        "precision": 0.9739880273660205,
        "recall": 0.7387567567567568,
        "f1": 0.8402188614287471,
        "support": 37000
      },
      "Attack": {
        "precision": 0.821883983194516,
        "recall": 0.9838965851936822,
        "f1": 0.8956224899598394,
        "support": 45332
      }
    },
    "confusion_matrix": [
      [
        27334,
        9666
      ],
      [
        730,
        44602
      ]
    ]
  },
  "rare_class_analysis": null
}