{
  "experiment_id": "binary_rf_s0_s44",
  "seed": 44,
  "task": "binary",
  "model": "rf",
  "strategy": "s0",
  "timestamp": "2026-01-22T22:05:41.132562",
  "training_time_seconds": 15.95121431350708,
  "total_time_seconds": 25.329834461212158,
  "train_samples": 140272,
  "test_samples": 82332,
  "metrics": {
    "overall": {
      "accuracy": 0.8661152407326435,
      "macro_f1": 0.859122540473582,
      "weighted_f1": 0.862298857246111,
      "g_mean": 0.8522973318770106,
      "roc_auc": 0.9829695272237737
    },
    "per_class": {
      "Normal": {
        "precision": 0.9812516210307903,
        "recall": 0.7157567567567568,
        "f1": 0.8277360171279439,
        "support": 37000
      },
      "Attack": {
        "precision": 0.8099669334875232,
        "recall": 0.9888379069972646,
        "f1": 0.8905090638192202,
        "support": 45332
      }
    },
    "confusion_matrix": [
      [
        26483,
        10517
      ],
      [
        506,
        44826
      ]
    ]
  },
  "rare_class_analysis": null
}