{
  "experiment_id": "multi_rf_s2a",
  "task": "multi",
  "model": "rf",
  "strategy": "s2a",
  "timestamp": "2026-01-18T02:54:34.145192",
  "training_time_seconds": 43.44994592666626,
  "total_time_seconds": 46.94391322135925,
  "train_samples": 448000,
  "test_samples": 82332,
  "metrics": {
    "overall": {
      "accuracy": 0.6732619151727154,
      "macro_f1": 0.454483598609872,
      "weighted_f1": 0.7265176137422926,
      "g_mean": 0.7468796557485665,
      "roc_auc": 0.953887030381806
    },
    "per_class": {
      "Normal": {
        "precision": 0.012249064307587616,
        "recall": 0.053175775480059084,
        "f1": 0.01991150442477876,
        "support": 677
      },
      "Analysis": {
        "precision": 0.04562334217506631,
        "recall": 0.4425385934819897,
        "f1": 0.08271882013465855,
        "support": 583
      },
      "Backdoor": {
        "precision": 0.33414634146341465,
        "recall": 0.16752262166788945,
        "f1": 0.22316338165825053,
        "support": 4089
      },
      "DoS": {
        "precision": 0.783888635326335,
        "recall": 0.6171397772188286,
        "f1": 0.6905910735826297,
        "support": 11132
      },
      "Exploits": {
        "precision": 0.24612505117856934,
        "recall": 0.6941603431210821,
        "f1": 0.3634008376872922,
        "support": 6062
      },
      "Fuzzers": {
        "precision": 0.9997248968363136,
        "recall": 0.9628530549520428,
        "f1": 0.9809426118879231,
        "support": 18871
      },
      "Generic": {
        "precision": 0.9940478894997501,
        "recall": 0.5912972972972973,
        "f1": 0.7415140063380162,
        "support": 37000
      },
      "Reconnaissance": {
        "precision": 0.7975773889636608,
        "recall": 0.8475400457665904,
        "f1": 0.8218000277354043,
        "support": 3496
      },
      "Shellcode": {
        "precision": 0.1862370289459312,
        "recall": 0.9021164021164021,
        "f1": 0.30873698506111363,
        "support": 378
      },
      "Worms": {
        "precision": 0.2268041237113402,
        "recall": 0.5,
        "f1": 0.3120567375886525,
        "support": 44
      }
    },
    "confusion_matrix": [
      [
        36,
        316,
        176,
        56,
        89,
        0,
        2,
        1,
        1,
        0
      ],
      [
        34,
        258,
        179,
        8,
        91,
        0,
        0,
        2,
        11,
        0
      ],
      [
        316,
        2076,
        685,
        648,
        202,
        2,
        1,
        63,
        84,
        12
      ],
      [
        367,
        2091,
        552,
        6870,
        415,
        1,
        22,
        458,
        306,
        50
      ],
      [
        89,
        631,
        355,
        161,
        4208,
        0,
        105,
        79,
        432,
        2
      ],
      [
        11,
        20,
        47,
        465,
        96,
        18170,
        0,
        6,
        48,
        8
      ],
      [
        2049,
        3,
        32,
        451,
        11949,
        1,
        21878,
        132,
        503,
        2
      ],
      [
        37,
        260,
        23,
        84,
        24,
        0,
        1,
        2963,
        103,
        1
      ],
      [
        0,
        0,
        0,
        6,
        20,
        0,
        0,
        11,
        341,
        0
      ],
      [
        0,
        0,
        1,
        15,
        3,
        1,
        0,
        0,
        2,
        22
      ]
    ]
  },
  "rare_class_analysis": {
    "Worms": {
      "precision": 0.2268041237113402,
      "recall": 0.5,
      "f1": 0.3120567375886525,
      "support": 44
    },
    "Shellcode": {
      "precision": 0.1862370289459312,
      "recall": 0.9021164021164021,
      "f1": 0.30873698506111363,
      "support": 378
    },
    "Backdoor": {
      "precision": 0.33414634146341465,
      "recall": 0.16752262166788945,
      "f1": 0.22316338165825053,
      "support": 4089
    },
    "Analysis": {
      "precision": 0.04562334217506631,
      "recall": 0.4425385934819897,
      "f1": 0.08271882013465855,
      "support": 583
    }
  }
}