{
  "experiment_id": "multi_baseline_zeror",
  "task": "multi",
  "model": "baseline",
  "strategy": "zeror",
  "timestamp": "2026-01-22T18:40:13.764398",
  "training_time_seconds": 0.06447100639343262,
  "total_time_seconds": 0.06447100639343262,
  "metrics": {
    "overall": {
      "accuracy": 0.44939999028324346,
      "macro_f1": 0.06201186605436933,
      "weighted_f1": 0.2786813200227937,
      "g_mean": 0.30000000000000004,
      "roc_auc": 0.5
    },
    "per_class": {
      "Analysis": {
        "precision": 0.0,
        "recall": 0.0,
        "f1": 0.0,
        "support": 677
      },
      "Backdoor": {
        "precision": 0.0,
        "recall": 0.0,
        "f1": 0.0,
        "support": 583
      },
      "DoS": {
        "precision": 0.0,
        "recall": 0.0,
        "f1": 0.0,
        "support": 4089
      },
      "Exploits": {
        "precision": 0.0,
        "recall": 0.0,
        "f1": 0.0,
        "support": 11132
      },
      "Fuzzers": {
        "precision": 0.0,
        "recall": 0.0,
        "f1": 0.0,
        "support": 6062
      },
      "Generic": {
        "precision": 0.0,
        "recall": 0.0,
        "f1": 0.0,
        "support": 18871
      },
      "Normal": {
        "precision": 0.44939999028324346,
        "recall": 1.0,
        "f1": 0.6201186605436932,
        "support": 37000
      },
      "Reconnaissance": {
        "precision": 0.0,
        "recall": 0.0,
        "f1": 0.0,
        "support": 3496
      },
      "Shellcode": {
        "precision": 0.0,
        "recall": 0.0,
        "f1": 0.0,
        "support": 378
      },
      "Worms": {
        "precision": 0.0,
        "recall": 0.0,
        "f1": 0.0,
        "support": 44
      }
    },
    "confusion_matrix": [
      [
        0,
        0,
        0,
        0,
        0,
        0,
        677,
        0,
        0,
        0
      ],
      [
        0,
        0,
        0,
        0,
        0,
        0,
        583,
        0,
        0,
        0
      ],
      [
        0,
        0,
        0,
        0,
        0,
        0,
        4089,
        0,
        0,
        0
      ],
      [
        0,
        0,
        0,
        0,
        0,
        0,
        11132,
        0,
        0,
        0
      ],
      [
        0,
        0,
        0,
        0,
        0,
        0,
        6062,
        0,
        0,
        0
      ],
      [
        0,
        0,
        0,
        0,
        0,
        0,
        18871,
        0,
        0,
        0
      ],
      [
        0,
        0,
        0,
        0,
        0,
        0,
        37000,
        0,
        0,
        0
      ],
      [
        0,
        0,
        0,
        0,
        0,
        0,
        3496,
        0,
        0,
        0
      ],
      [
        0,
        0,
        0,
        0,
        0,
        0,
        378,
        0,
        0,
        0
      ],
      [
        0,
        0,
        0,
        0,
        0,
        0,
        44,
        0,
        0,
        0
      ]
    ]
  }
}