{
  "experiment_id": "multi_xgb_s0",
  "task": "multi",
  "model": "xgb",
  "strategy": "s0",
  "timestamp": "2026-01-18T02:55:04.375480",
  "training_time_seconds": 28.302687883377075,
  "total_time_seconds": 29.626718044281006,
  "train_samples": 140272,
  "test_samples": 82332,
  "metrics": {
    "overall": {
      "accuracy": 0.7635548753825973,
      "macro_f1": 0.5045112941244272,
      "weighted_f1": 0.7793004737990357,
      "g_mean": 0.7206923156975452,
      "roc_auc": 0.9620517035362444
    },
    "per_class": {
      "Normal": {
        "precision": 0.02888583218707015,
        "recall": 0.0620384047267356,
        "f1": 0.039418113561708115,
        "support": 677
      },
      "Analysis": {
        "precision": 0.03488372093023256,
        "recall": 0.09777015437392796,
        "f1": 0.05142083897158322,
        "support": 583
      },
      "Backdoor": {
        "precision": 0.5335731414868106,
        "recall": 0.10882856444118366,
        "f1": 0.18078407475116798,
        "support": 4089
      },
      "DoS": {
        "precision": 0.6021052631578947,
        "recall": 0.8478260869565217,
        "f1": 0.7041444398851047,
        "support": 11132
      },
      "Exploits": {
        "precision": 0.3014432633307406,
        "recall": 0.5753876608380073,
        "f1": 0.3956218454035048,
        "support": 6062
      },
      "Fuzzers": {
        "precision": 0.9979323103710959,
        "recall": 0.9718615865613905,
        "f1": 0.9847244221321377,
        "support": 18871
      },
      "Generic": {
        "precision": 0.9621744522529971,
        "recall": 0.7548648648648648,
        "f1": 0.8460047252680681,
        "support": 37000
      },
      "Reconnaissance": {
        "precision": 0.9302402105955907,
        "recall": 0.8086384439359268,
        "f1": 0.8651874521805661,
        "support": 3496
      },
      "Shellcode": {
        "precision": 0.407514450867052,
        "recall": 0.746031746031746,
        "f1": 0.5271028037383177,
        "support": 378
      },
      "Worms": {
        "precision": 0.5925925925925926,
        "recall": 0.36363636363636365,
        "f1": 0.4507042253521127,
        "support": 44
      }
    },
    "confusion_matrix": [
      [
        42,
        66,
        34,
        473,
        42,
        0,
        20,
        0,
        0,
        0
      ],
      [
        42,
        57,
        35,
        400,
        44,
        0,
        1,
        0,
        4,
        0
      ],
      [
        325,
        656,
        445,
        2480,
        84,
        7,
        30,
        23,
        38,
        1
      ],
      [
        358,
        641,
        156,
        9438,
        192,
        17,
        84,
        172,
        69,
        5
      ],
      [
        117,
        123,
        74,
        1149,
        3488,
        8,
        939,
        7,
        157,
        0
      ],
      [
        0,
        4,
        40,
        419,
        33,
        18340,
        10,
        1,
        19,
        5
      ],
      [
        533,
        1,
        36,
        738,
        7647,
        4,
        27930,
        7,
        104,
        0
      ],
      [
        37,
        86,
        9,
        500,
        8,
        1,
        11,
        2827,
        17,
        0
      ],
      [
        0,
        0,
        5,
        55,
        31,
        0,
        3,
        2,
        282,
        0
      ],
      [
        0,
        0,
        0,
        23,
        2,
        1,
        0,
        0,
        2,
        16
      ]
    ]
  },
  "rare_class_analysis": {
    "Worms": {
      "precision": 0.5925925925925926,
      "recall": 0.36363636363636365,
      "f1": 0.4507042253521127,
      "support": 44
    },
    "Shellcode": {
      "precision": 0.407514450867052,
      "recall": 0.746031746031746,
      "f1": 0.5271028037383177,
      "support": 378
    },
    "Backdoor": {
      "precision": 0.5335731414868106,
      "recall": 0.10882856444118366,
      "f1": 0.18078407475116798,
      "support": 4089
    },
    "Analysis": {
      "precision": 0.03488372093023256,
      "recall": 0.09777015437392796,
      "f1": 0.05142083897158322,
      "support": 583
    }
  }
}