{
  "experiment_id": "multi_rf_s2a",
  "task": "multi",
  "model": "rf",
  "strategy": "s2a",
  "timestamp": "2026-01-22T13:52:12.463982",
  "training_time_seconds": 22.694685220718384,
  "total_time_seconds": 23.742063760757446,
  "train_samples": 448000,
  "test_samples": 82332,
  "metrics": {
    "overall": {
      "accuracy": 0.6856143419326629,
      "macro_f1": 0.4757216094354567,
      "weighted_f1": 0.7367266205961318,
      "g_mean": 0.7440454451040087,
      "roc_auc": 0.9517406966963853
    },
    "per_class": {
      "Analysis": {
        "precision": 0.02013201320132013,
        "recall": 0.09010339734121123,
        "f1": 0.03291070946857297,
        "support": 677
      },
      "Backdoor": {
        "precision": 0.046263345195729534,
        "recall": 0.44596912521440824,
        "f1": 0.08383040464291472,
        "support": 583
      },
      "DoS": {
        "precision": 0.337468982630273,
        "recall": 0.16629982880899977,
        "f1": 0.22280471821756226,
        "support": 4089
      },
      "Exploits": {
        "precision": 0.7687753535796513,
        "recall": 0.629895795903701,
        "f1": 0.6924406260800869,
        "support": 11132
      },
      "Fuzzers": {
        "precision": 0.25555148853099074,
        "recall": 0.6910260640052788,
        "f1": 0.3731183753451501,
        "support": 6062
      },
      "Generic": {
        "precision": 0.999670075882547,
        "recall": 0.963382968576122,
        "f1": 0.9811911379766306,
        "support": 18871
      },
      "Normal": {
        "precision": 0.9894508356848274,
        "recall": 0.616,
        "f1": 0.7592904139252102,
        "support": 37000
      },
      "Reconnaissance": {
        "precision": 0.8427709111813739,
        "recall": 0.8386727688787186,
        "f1": 0.8407168458781362,
        "support": 3496
      },
      "Shellcode": {
        "precision": 0.2298932384341637,
        "recall": 0.8544973544973545,
        "f1": 0.36231071228266964,
        "support": 378
      },
      "Worms": {
        "precision": 0.3877551020408163,
        "recall": 0.4318181818181818,
        "f1": 0.40860215053763443,
        "support": 44
      }
    },
    "confusion_matrix": [
      [
        61,
        319,
        168,
        58,
        70,
        0,
        0,
        1,
        0,
        0
      ],
      [
        59,
        260,
        172,
        9,
        73,
        0,
        0,
        2,
        8,
        0
      ],
      [
        384,
        2047,
        680,
        649,
        180,
        2,
        3,
        63,
        74,
        7
      ],
      [
        445,
        2076,
        520,
        7012,
        383,
        2,
        32,
        395,
        254,
        13
      ],
      [
        143,
        638,
        339,
        212,
        4189,
        0,
        206,
        37,
        297,
        1
      ],
      [
        11,
        20,
        63,
        471,
        85,
        18180,
        1,
        4,
        30,
        6
      ],
      [
        1884,
        0,
        51,
        567,
        11335,
        1,
        22792,
        38,
        330,
        2
      ],
      [
        43,
        259,
        22,
        113,
        38,
        0,
        1,
        2932,
        88,
        0
      ],
      [
        0,
        1,
        0,
        10,
        36,
        0,
        0,
        7,
        323,
        1
      ],
      [
        0,
        0,
        0,
        20,
        3,
        1,
        0,
        0,
        1,
        19
      ]
    ]
  },
  "rare_class_analysis": {
    "Worms": {
      "precision": 0.3877551020408163,
      "recall": 0.4318181818181818,
      "f1": 0.40860215053763443,
      "support": 44
    },
    "Shellcode": {
      "precision": 0.2298932384341637,
      "recall": 0.8544973544973545,
      "f1": 0.36231071228266964,
      "support": 378
    },
    "Backdoor": {
      "precision": 0.046263345195729534,
      "recall": 0.44596912521440824,
      "f1": 0.08383040464291472,
      "support": 583
    },
    "Analysis": {
      "precision": 0.02013201320132013,
      "recall": 0.09010339734121123,
      "f1": 0.03291070946857297,
      "support": 677
    }
  }
}