{
  "experiment_id": "multi_lr_s1",
  "task": "multi",
  "model": "lr",
  "strategy": "s1",
  "timestamp": "2026-01-22T13:06:29.088136",
  "training_time_seconds": 848.5771415233612,
  "total_time_seconds": 848.7995023727417,
  "train_samples": 140272,
  "test_samples": 82332,
  "metrics": {
    "overall": {
      "accuracy": 0.6138439488898606,
      "macro_f1": 0.33972129448456034,
      "weighted_f1": 0.6772034014684468,
      "g_mean": 0.7180412906767785,
      "roc_auc": 0.9402043132559749
    },
    "per_class": {
      "Analysis": {
        "precision": 0.06284838350055741,
        "recall": 0.6661742983751846,
        "f1": 0.1148605628422259,
        "support": 677
      },
      "Backdoor": {
        "precision": 0.03005085529357374,
        "recall": 0.11149228130360206,
        "f1": 0.04734158776402039,
        "support": 583
      },
      "DoS": {
        "precision": 0.4132434089515635,
        "recall": 0.16483247737833212,
        "f1": 0.23566433566433567,
        "support": 4089
      },
      "Exploits": {
        "precision": 0.8012267904509284,
        "recall": 0.4341537908731585,
        "f1": 0.5631554416219995,
        "support": 11132
      },
      "Fuzzers": {
        "precision": 0.2727836757203916,
        "recall": 0.6527548663807324,
        "f1": 0.3847724620770128,
        "support": 6062
      },
      "Generic": {
        "precision": 0.9959420925641588,
        "recall": 0.9624291240527794,
        "f1": 0.9788988600533592,
        "support": 18871
      },
      "Normal": {
        "precision": 0.9731403077483384,
        "recall": 0.5777297297297297,
        "f1": 0.7250279822270461,
        "support": 37000
      },
      "Reconnaissance": {
        "precision": 0.23389021479713604,
        "recall": 0.19622425629290619,
        "f1": 0.21340799502255406,
        "support": 3496
      },
      "Shellcode": {
        "precision": 0.054691787086153285,
        "recall": 0.791005291005291,
        "f1": 0.10230966638152267,
        "support": 378
      },
      "Worms": {
        "precision": 0.016201620162016202,
        "recall": 0.8181818181818182,
        "f1": 0.03177405119152692,
        "support": 44
      }
    },
    "confusion_matrix": [
      [
        451,
        97,
        68,
        0,
        2,
        0,
        58,
        1,
        0,
        0
      ],
      [
        422,
        65,
        36,
        8,
        11,
        0,
        2,
        18,
        17,
        4
      ],
      [
        1443,
        832,
        674,
        520,
        151,
        23,
        58,
        80,
        139,
        169
      ],
      [
        1831,
        832,
        632,
        4833,
        665,
        33,
        430,
        132,
        563,
        1181
      ],
      [
        942,
        194,
        107,
        16,
        3957,
        8,
        25,
        326,
        342,
        145
      ],
      [
        18,
        18,
        18,
        275,
        130,
        18162,
        16,
        31,
        69,
        134
      ],
      [
        1948,
        9,
        8,
        369,
        9357,
        3,
        21376,
        1615,
        2194,
        121
      ],
      [
        121,
        116,
        88,
        11,
        197,
        7,
        1,
        686,
        1840,
        429
      ],
      [
        0,
        0,
        0,
        0,
        33,
        0,
        0,
        43,
        299,
        3
      ],
      [
        0,
        0,
        0,
        0,
        3,
        0,
        0,
        1,
        4,
        36
      ]
    ]
  },
  "rare_class_analysis": {
    "Worms": {
      "precision": 0.016201620162016202,
      "recall": 0.8181818181818182,
      "f1": 0.03177405119152692,
      "support": 44
    },
    "Shellcode": {
      "precision": 0.054691787086153285,
      "recall": 0.791005291005291,
      "f1": 0.10230966638152267,
      "support": 378
    },
    "Backdoor": {
      "precision": 0.03005085529357374,
      "recall": 0.11149228130360206,
      "f1": 0.04734158776402039,
      "support": 583
    },
    "Analysis": {
      "precision": 0.06284838350055741,
      "recall": 0.6661742983751846,
      "f1": 0.1148605628422259,
      "support": 677
    }
  }
}