{
  "experiment_id": "multi_xgb_s0",
  "task": "multi",
  "model": "xgb",
  "strategy": "s0",
  "timestamp": "2026-01-22T13:52:28.707722",
  "training_time_seconds": 14.720528841018677,
  "total_time_seconds": 15.427778720855713,
  "train_samples": 140272,
  "test_samples": 82332,
  "metrics": {
    "overall": {
      "accuracy": 0.7693241995821795,
      "macro_f1": 0.5091253981172958,
      "weighted_f1": 0.7822197076851588,
      "g_mean": 0.7267737929305872,
      "roc_auc": 0.9626127247354548
    },
    "per_class": {
      "Analysis": {
        "precision": 0.033480176211453744,
        "recall": 0.056129985228951254,
        "f1": 0.04194260485651214,
        "support": 677
      },
      "Backdoor": {
        "precision": 0.03593220338983051,
        "recall": 0.09090909090909091,
        "f1": 0.05150631681243926,
        "support": 583
      },
      "DoS": {
        "precision": 0.5506072874493927,
        "recall": 0.09977989728539985,
        "f1": 0.168944099378882,
        "support": 4089
      },
      "Exploits": {
        "precision": 0.595447554598585,
        "recall": 0.8694753862738053,
        "f1": 0.7068317084748238,
        "support": 11132
      },
      "Fuzzers": {
        "precision": 0.3124727240988042,
        "recall": 0.5905641702408446,
        "f1": 0.40869912666248076,
        "support": 6062
      },
      "Generic": {
        "precision": 0.9976612640052214,
        "recall": 0.9720205606486143,
        "f1": 0.9846740209893443,
        "support": 18871
      },
      "Normal": {
        "precision": 0.9671403502735437,
        "recall": 0.7596756756756756,
        "f1": 0.8509453097800584,
        "support": 37000
      },
      "Reconnaissance": {
        "precision": 0.9315564330371833,
        "recall": 0.8097826086956522,
        "f1": 0.8664116296863045,
        "support": 3496
      },
      "Shellcode": {
        "precision": 0.374167776298269,
        "recall": 0.7433862433862434,
        "f1": 0.4977856510186005,
        "support": 378
      },
      "Worms": {
        "precision": 0.6333333333333333,
        "recall": 0.4318181818181818,
        "f1": 0.5135135135135135,
        "support": 44
      }
    },
    "confusion_matrix": [
      [
        38,
        59,
        26,
        504,
        32,
        0,
        18,
        0,
        0,
        0
      ],
      [
        38,
        53,
        31,
        421,
        34,
        0,
        3,
        0,
        3,
        0
      ],
      [
        213,
        612,
        408,
        2663,
        80,
        10,
        34,
        24,
        43,
        2
      ],
      [
        240,
        560,
        135,
        9679,
        177,
        17,
        85,
        160,
        75,
        4
      ],
      [
        97,
        114,
        60,
        1219,
        3580,
        9,
        792,
        10,
        181,
        0
      ],
      [
        0,
        3,
        39,
        415,
        35,
        18343,
        10,
        1,
        20,
        5
      ],
      [
        486,
        0,
        31,
        752,
        7477,
        5,
        28108,
        11,
        130,
        0
      ],
      [
        23,
        74,
        9,
        525,
        8,
        1,
        9,
        2831,
        16,
        0
      ],
      [
        0,
        0,
        2,
        56,
        33,
        0,
        4,
        2,
        281,
        0
      ],
      [
        0,
        0,
        0,
        21,
        1,
        1,
        0,
        0,
        2,
        19
      ]
    ]
  },
  "rare_class_analysis": {
    "Worms": {
      "precision": 0.6333333333333333,
      "recall": 0.4318181818181818,
      "f1": 0.5135135135135135,
      "support": 44
    },
    "Shellcode": {
      "precision": 0.374167776298269,
      "recall": 0.7433862433862434,
      "f1": 0.4977856510186005,
      "support": 378
    },
    "Backdoor": {
      "precision": 0.03593220338983051,
      "recall": 0.09090909090909091,
      "f1": 0.05150631681243926,
      "support": 583
    },
    "Analysis": {
      "precision": 0.033480176211453744,
      "recall": 0.056129985228951254,
      "f1": 0.04194260485651214,
      "support": 677
    }
  }
}