{
  "experiment_id": "multi_rf_s0",
  "task": "multi",
  "model": "rf",
  "strategy": "s0",
  "timestamp": "2026-01-18T02:53:35.928107",
  "training_time_seconds": 9.287390232086182,
  "total_time_seconds": 10.486867666244507,
  "train_samples": 140272,
  "test_samples": 82332,
  "metrics": {
    "overall": {
      "accuracy": 0.7676116212408298,
      "macro_f1": 0.4499983269988312,
      "weighted_f1": 0.7723618798964491,
      "g_mean": 0.6830713346357233,
      "roc_auc": 0.9600679102305936
    },
    "per_class": {
      "Normal": {
        "precision": 0.003189792663476874,
        "recall": 0.0029542097488921715,
        "f1": 0.003067484662576687,
        "support": 677
      },
      "Analysis": {
        "precision": 0.07673267326732673,
        "recall": 0.05317324185248713,
        "f1": 0.06281661600810537,
        "support": 583
      },
      "Backdoor": {
        "precision": 0.7923076923076923,
        "recall": 0.05037906578625581,
        "f1": 0.09473442170613934,
        "support": 4089
      },
      "DoS": {
        "precision": 0.5655385293793408,
        "recall": 0.9216672655407834,
        "f1": 0.70096331215413,
        "support": 11132
      },
      "Exploits": {
        "precision": 0.30100745351789665,
        "recall": 0.6062355658198614,
        "f1": 0.40227683213836135,
        "support": 6062
      },
      "Fuzzers": {
        "precision": 0.9996698762035764,
        "recall": 0.9628000635896349,
        "f1": 0.9808886249527614,
        "support": 18871
      },
      "Generic": {
        "precision": 0.9659429839772491,
        "recall": 0.7527567567567568,
        "f1": 0.8461281404745269,
        "support": 37000
      },
      "Reconnaissance": {
        "precision": 0.8727904040404041,
        "recall": 0.790903890160183,
        "f1": 0.8298319327731093,
        "support": 3496
      },
      "Shellcode": {
        "precision": 0.46484375,
        "recall": 0.6296296296296297,
        "f1": 0.5348314606741573,
        "support": 378
      },
      "Worms": {
        "precision": 1.0,
        "recall": 0.022727272727272728,
        "f1": 0.044444444444444446,
        "support": 44
      }
    },
    "confusion_matrix": [
      [
        2,
        6,
        2,
        619,
        37,
        0,
        11,
        0,
        0,
        0
      ],
      [
        2,
        31,
        3,
        502,
        40,
        0,
        2,
        0,
        3,
        0
      ],
      [
        170,
        159,
        206,
        3321,
        133,
        6,
        11,
        38,
        45,
        0
      ],
      [
        164,
        152,
        21,
        10260,
        282,
        0,
        93,
        114,
        46,
        0
      ],
      [
        25,
        31,
        7,
        1352,
        3675,
        0,
        848,
        58,
        66,
        0
      ],
      [
        0,
        3,
        14,
        559,
        106,
        18169,
        3,
        5,
        12,
        0
      ],
      [
        243,
        0,
        2,
        806,
        7838,
        0,
        27852,
        165,
        94,
        0
      ],
      [
        21,
        22,
        4,
        633,
        36,
        0,
        7,
        2765,
        8,
        0
      ],
      [
        0,
        0,
        0,
        54,
        56,
        0,
        7,
        23,
        238,
        0
      ],
      [
        0,
        0,
        1,
        36,
        6,
        0,
        0,
        0,
        0,
        1
      ]
    ]
  },
  "rare_class_analysis": {
    "Worms": {
      "precision": 1.0,
      "recall": 0.022727272727272728,
      "f1": 0.044444444444444446,
      "support": 44
    },
    "Shellcode": {
      "precision": 0.46484375,
      "recall": 0.6296296296296297,
      "f1": 0.5348314606741573,
      "support": 378
    },
    "Backdoor": {
      "precision": 0.7923076923076923,
      "recall": 0.05037906578625581,
      "f1": 0.09473442170613934,
      "support": 4089
    },
    "Analysis": {
      "precision": 0.07673267326732673,
      "recall": 0.05317324185248713,
      "f1": 0.06281661600810537,
      "support": 583
    }
  }
}