{
  "experiment_id": "multi_rf_s1",
  "task": "multi",
  "model": "rf",
  "strategy": "s1",
  "timestamp": "2026-01-22T13:51:48.222808",
  "training_time_seconds": 4.864245176315308,
  "total_time_seconds": 5.5965187549591064,
  "train_samples": 140272,
  "test_samples": 82332,
  "metrics": {
    "overall": {
      "accuracy": 0.6899990283243453,
      "macro_f1": 0.47344481551627116,
      "weighted_f1": 0.7400488343351265,
      "g_mean": 0.7355607504031055,
      "roc_auc": 0.9539383276688289
    },
    "per_class": {
      "Analysis": {
        "precision": 0.017537580529706515,
        "recall": 0.0723781388478582,
        "f1": 0.028233938346297897,
        "support": 677
      },
      "Backdoor": {
        "precision": 0.04384752123247087,
        "recall": 0.38078902229845624,
        "f1": 0.07863974495217853,
        "support": 583
      },
      "DoS": {
        "precision": 0.3119056675542031,
        "recall": 0.20053802885791147,
        "f1": 0.244120273891039,
        "support": 4089
      },
      "Exploits": {
        "precision": 0.7593473092716663,
        "recall": 0.6312432626661876,
        "f1": 0.6893946826253311,
        "support": 11132
      },
      "Fuzzers": {
        "precision": 0.25876512565932364,
        "recall": 0.6878917848894754,
        "f1": 0.3760652928709925,
        "support": 6062
      },
      "Generic": {
        "precision": 0.9998899223952887,
        "recall": 0.962694080864819,
        "f1": 0.9809395248380129,
        "support": 18871
      },
      "Normal": {
        "precision": 0.987635834688115,
        "recall": 0.6239189189189189,
        "f1": 0.7647331632822075,
        "support": 37000
      },
      "Reconnaissance": {
        "precision": 0.8534809204777163,
        "recall": 0.8381006864988558,
        "f1": 0.8457208832443354,
        "support": 3496
      },
      "Shellcode": {
        "precision": 0.221160409556314,
        "recall": 0.8571428571428571,
        "f1": 0.35160065111231686,
        "support": 378
      },
      "Worms": {
        "precision": 0.4166666666666667,
        "recall": 0.3409090909090909,
        "f1": 0.375,
        "support": 44
      }
    },
    "confusion_matrix": [
      [
        49,
        285,
        225,
        56,
        60,
        0,
        1,
        1,
        0,
        0
      ],
      [
        48,
        222,
        228,
        12,
        62,
        0,
        0,
        2,
        9,
        0
      ],
      [
        360,
        1851,
        820,
        762,
        149,
        2,
        2,
        51,
        86,
        6
      ],
      [
        405,
        1907,
        748,
        7027,
        350,
        0,
        42,
        376,
        269,
        8
      ],
      [
        126,
        556,
        460,
        171,
        4170,
        0,
        242,
        32,
        305,
        0
      ],
      [
        6,
        8,
        65,
        477,
        83,
        18167,
        0,
        5,
        55,
        5
      ],
      [
        1760,
        0,
        31,
        601,
        11164,
        0,
        23085,
        32,
        325,
        2
      ],
      [
        40,
        234,
        50,
        118,
        34,
        0,
        1,
        2930,
        89,
        0
      ],
      [
        0,
        0,
        1,
        8,
        40,
        0,
        1,
        4,
        324,
        0
      ],
      [
        0,
        0,
        1,
        22,
        3,
        0,
        0,
        0,
        3,
        15
      ]
    ]
  },
  "rare_class_analysis": {
    "Worms": {
      "precision": 0.4166666666666667,
      "recall": 0.3409090909090909,
      "f1": 0.375,
      "support": 44
    },
    "Shellcode": {
      "precision": 0.221160409556314,
      "recall": 0.8571428571428571,
      "f1": 0.35160065111231686,
      "support": 378
    },
    "Backdoor": {
      "precision": 0.04384752123247087,
      "recall": 0.38078902229845624,
      "f1": 0.07863974495217853,
      "support": 583
    },
    "Analysis": {
      "precision": 0.017537580529706515,
      "recall": 0.0723781388478582,
      "f1": 0.028233938346297897,
      "support": 677
    }
  }
}