{
  "experiment_id": "multi_xgb_s1",
  "task": "multi",
  "model": "xgb",
  "strategy": "s1",
  "timestamp": "2026-01-18T02:55:34.729679",
  "training_time_seconds": 28.53066635131836,
  "total_time_seconds": 29.861581087112427,
  "train_samples": 140272,
  "test_samples": 82332,
  "metrics": {
    "overall": {
      "accuracy": 0.6957197687411942,
      "macro_f1": 0.5240426559744732,
      "weighted_f1": 0.7470622766454388,
      "g_mean": 0.7841094909656767,
      "roc_auc": 0.9573867237059552
    },
    "per_class": {
      "Normal": {
        "precision": 0.04109225874867444,
        "recall": 0.22895125553914328,
        "f1": 0.06967857945605754,
        "support": 677
      },
      "Analysis": {
        "precision": 0.05474209650582363,
        "recall": 0.5643224699828473,
        "f1": 0.09980282117397239,
        "support": 583
      },
      "Backdoor": {
        "precision": 0.42565266742338254,
        "recall": 0.18341892883345562,
        "f1": 0.256366433088361,
        "support": 4089
      },
      "DoS": {
        "precision": 0.7914068699693912,
        "recall": 0.6271110312612289,
        "f1": 0.6997443993384453,
        "support": 11132
      },
      "Exploits": {
        "precision": 0.26144618460513164,
        "recall": 0.6471461563840317,
        "f1": 0.3724308159681018,
        "support": 6062
      },
      "Fuzzers": {
        "precision": 0.9985271656120445,
        "recall": 0.9700068888771131,
        "f1": 0.9840604252345241,
        "support": 18871
      },
      "Generic": {
        "precision": 0.9821130056837178,
        "recall": 0.6351351351351351,
        "f1": 0.7714023109243697,
        "support": 37000
      },
      "Reconnaissance": {
        "precision": 0.8729689807976366,
        "recall": 0.8452517162471396,
        "f1": 0.8588867897107979,
        "support": 3496
      },
      "Shellcode": {
        "precision": 0.2755905511811024,
        "recall": 0.9259259259259259,
        "f1": 0.42475728155339804,
        "support": 378
      },
      "Worms": {
        "precision": 0.6808510638297872,
        "recall": 0.7272727272727273,
        "f1": 0.7032967032967034,
        "support": 44
      }
    },
    "confusion_matrix": [
      [
        155,
        388,
        76,
        39,
        0,
        0,
        19,
        0,
        0,
        0
      ],
      [
        150,
        329,
        82,
        9,
        3,
        0,
        2,
        0,
        8,
        0
      ],
      [
        508,
        2065,
        750,
        601,
        42,
        5,
        22,
        34,
        61,
        1
      ],
      [
        673,
        2161,
        504,
        6981,
        160,
        13,
        50,
        377,
        205,
        8
      ],
      [
        327,
        783,
        143,
        256,
        3923,
        3,
        327,
        9,
        291,
        0
      ],
      [
        10,
        18,
        92,
        364,
        37,
        18305,
        3,
        1,
        36,
        5
      ],
      [
        1902,
        16,
        70,
        439,
        10813,
        4,
        23500,
        8,
        248,
        0
      ],
      [
        47,
        250,
        42,
        115,
        11,
        1,
        4,
        2955,
        70,
        1
      ],
      [
        0,
        0,
        3,
        8,
        15,
        0,
        1,
        1,
        350,
        0
      ],
      [
        0,
        0,
        0,
        9,
        1,
        1,
        0,
        0,
        1,
        32
      ]
    ]
  },
  "rare_class_analysis": {
    "Worms": {
      "precision": 0.6808510638297872,
      "recall": 0.7272727272727273,
      "f1": 0.7032967032967034,
      "support": 44
    },
    "Shellcode": {
      "precision": 0.2755905511811024,
      "recall": 0.9259259259259259,
      "f1": 0.42475728155339804,
      "support": 378
    },
    "Backdoor": {
      "precision": 0.42565266742338254,
      "recall": 0.18341892883345562,
      "f1": 0.256366433088361,
      "support": 4089
    },
    "Analysis": {
      "precision": 0.05474209650582363,
      "recall": 0.5643224699828473,
      "f1": 0.09980282117397239,
      "support": 583
    }
  }
}