{
  "experiment_id": "multi_xgb_s1",
  "task": "multi",
  "model": "xgb",
  "strategy": "s1",
  "timestamp": "2026-01-22T13:52:44.436436",
  "training_time_seconds": 14.474285364151001,
  "total_time_seconds": 15.21675968170166,
  "train_samples": 140272,
  "test_samples": 82332,
  "metrics": {
    "overall": {
      "accuracy": 0.6830394014477967,
      "macro_f1": 0.5137341567420484,
      "weighted_f1": 0.7372588837997894,
      "g_mean": 0.7916389642621977,
      "roc_auc": 0.9586455515085788
    },
    "per_class": {
      "Analysis": {
        "precision": 0.03169572107765452,
        "recall": 0.17725258493353027,
        "f1": 0.05377548734035402,
        "support": 677
      },
      "Backdoor": {
        "precision": 0.060050172467858265,
        "recall": 0.6569468267581475,
        "f1": 0.11004166068093665,
        "support": 583
      },
      "DoS": {
        "precision": 0.43480897513644634,
        "recall": 0.17534849596478358,
        "f1": 0.24991286162425932,
        "support": 4089
      },
      "Exploits": {
        "precision": 0.802045374397555,
        "recall": 0.6129177146963708,
        "f1": 0.6948418962268955,
        "support": 11132
      },
      "Fuzzers": {
        "precision": 0.2530989122185682,
        "recall": 0.6601781590234246,
        "f1": 0.36591387034835876,
        "support": 6062
      },
      "Generic": {
        "precision": 0.9985269245458017,
        "recall": 0.9698479147898893,
        "f1": 0.9839784946236559,
        "support": 18871
      },
      "Normal": {
        "precision": 0.9891113452757289,
        "recall": 0.6088648648648649,
        "f1": 0.7537473233404711,
        "support": 37000
      },
      "Reconnaissance": {
        "precision": 0.8686602169451774,
        "recall": 0.8475400457665904,
        "f1": 0.8579701751845953,
        "support": 3496
      },
      "Shellcode": {
        "precision": 0.22263222632226323,
        "recall": 0.9576719576719577,
        "f1": 0.36127744510978044,
        "support": 378
      },
      "Worms": {
        "precision": 0.6206896551724138,
        "recall": 0.8181818181818182,
        "f1": 0.7058823529411765,
        "support": 44
      }
    },
    "confusion_matrix": [
      [
        120,
        441,
        59,
        39,
        0,
        0,
        17,
        0,
        1,
        0
      ],
      [
        115,
        383,
        67,
        6,
        1,
        0,
        2,
        0,
        9,
        0
      ],
      [
        531,
        2111,
        717,
        577,
        37,
        5,
        5,
        29,
        76,
        1
      ],
      [
        641,
        2266,
        485,
        6823,
        152,
        16,
        38,
        402,
        297,
        12
      ],
      [
        255,
        894,
        109,
        232,
        4002,
        3,
        184,
        9,
        374,
        0
      ],
      [
        12,
        20,
        100,
        349,
        38,
        18302,
        1,
        1,
        41,
        7
      ],
      [
        2058,
        13,
        72,
        394,
        11560,
        2,
        22528,
        6,
        366,
        1
      ],
      [
        54,
        250,
        40,
        77,
        11,
        1,
        0,
        2963,
        99,
        1
      ],
      [
        0,
        0,
        0,
        4,
        10,
        0,
        1,
        1,
        362,
        0
      ],
      [
        0,
        0,
        0,
        6,
        1,
        0,
        0,
        0,
        1,
        36
      ]
    ]
  },
  "rare_class_analysis": {
    "Worms": {
      "precision": 0.6206896551724138,
      "recall": 0.8181818181818182,
      "f1": 0.7058823529411765,
      "support": 44
    },
    "Shellcode": {
      "precision": 0.22263222632226323,
      "recall": 0.9576719576719577,
      "f1": 0.36127744510978044,
      "support": 378
    },
    "Backdoor": {
      "precision": 0.060050172467858265,
      "recall": 0.6569468267581475,
      "f1": 0.11004166068093665,
      "support": 583
    },
    "Analysis": {
      "precision": 0.03169572107765452,
      "recall": 0.17725258493353027,
      "f1": 0.05377548734035402,
      "support": 677
    }
  }
}