{
  "experiment_id": "multi_lr_s0",
  "task": "multi",
  "model": "lr",
  "strategy": "s0",
  "timestamp": "2026-01-18T01:12:43.032375",
  "training_time_seconds": 848.5230665206909,
  "total_time_seconds": 848.753910779953,
  "train_samples": 140272,
  "test_samples": 82332,
  "metrics": {
    "overall": {
      "accuracy": 0.6939828985084778,
      "macro_f1": 0.33375378351124085,
      "weighted_f1": 0.7038130225961965,
      "g_mean": 0.6050499015062695,
      "roc_auc": 0.9440516578918772
    },
    "per_class": {
      "Normal": {
        "precision": 0.0,
        "recall": 0.0,
        "f1": 0.0,
        "support": 677
      },
      "Analysis": {
        "precision": 0.0,
        "recall": 0.0,
        "f1": 0.0,
        "support": 583
      },
      "Backdoor": {
        "precision": 0.22682926829268293,
        "recall": 0.022743947175348497,
        "f1": 0.041342520560124475,
        "support": 4089
      },
      "DoS": {
        "precision": 0.5264647437827422,
        "recall": 0.7853934602946461,
        "f1": 0.6303760049028444,
        "support": 11132
      },
      "Exploits": {
        "precision": 0.258483837570459,
        "recall": 0.7413394919168591,
        "f1": 0.38331627430910953,
        "support": 6062
      },
      "Fuzzers": {
        "precision": 0.994745196781433,
        "recall": 0.9630120290392666,
        "f1": 0.9786214324178782,
        "support": 18871
      },
      "Generic": {
        "precision": 0.9491814599666897,
        "recall": 0.6315135135135135,
        "f1": 0.7584270574679066,
        "support": 37000
      },
      "Reconnaissance": {
        "precision": 0.4705394190871369,
        "recall": 0.648741418764302,
        "f1": 0.5454545454545454,
        "support": 3496
      },
      "Shellcode": {
        "precision": 0.0,
        "recall": 0.0,
        "f1": 0.0,
        "support": 378
      },
      "Worms": {
        "precision": 0.0,
        "recall": 0.0,
        "f1": 0.0,
        "support": 44
      }
    },
    "confusion_matrix": [
      [
        0,
        0,
        49,
        384,
        186,
        0,
        58,
        0,
        0,
        0
      ],
      [
        0,
        0,
        48,
        302,
        202,
        0,
        6,
        25,
        0,
        0
      ],
      [
        0,
        0,
        93,
        3330,
        401,
        32,
        106,
        127,
        0,
        0
      ],
      [
        16,
        0,
        120,
        8743,
        1187,
        37,
        728,
        301,
        0,
        0
      ],
      [
        0,
        0,
        96,
        921,
        4494,
        8,
        312,
        231,
        0,
        0
      ],
      [
        0,
        0,
        1,
        429,
        196,
        18173,
        21,
        51,
        0,
        0
      ],
      [
        206,
        0,
        0,
        1694,
        10166,
        2,
        23366,
        1565,
        0,
        1
      ],
      [
        0,
        0,
        3,
        773,
        424,
        12,
        16,
        2268,
        0,
        0
      ],
      [
        0,
        0,
        0,
        2,
        122,
        0,
        3,
        251,
        0,
        0
      ],
      [
        0,
        0,
        0,
        29,
        8,
        5,
        1,
        1,
        0,
        0
      ]
    ]
  },
  "rare_class_analysis": {
    "Worms": {
      "precision": 0.0,
      "recall": 0.0,
      "f1": 0.0,
      "support": 44
    },
    "Shellcode": {
      "precision": 0.0,
      "recall": 0.0,
      "f1": 0.0,
      "support": 378
    },
    "Backdoor": {
      "precision": 0.22682926829268293,
      "recall": 0.022743947175348497,
      "f1": 0.041342520560124475,
      "support": 4089
    },
    "Analysis": {
      "precision": 0.0,
      "recall": 0.0,
      "f1": 0.0,
      "support": 583
    }
  }
}