{
  "experiment_id": "multi_rf_s0",
  "task": "multi",
  "model": "rf",
  "strategy": "s0",
  "timestamp": "2026-01-22T13:51:42.118069",
  "training_time_seconds": 5.157803058624268,
  "total_time_seconds": 6.08743143081665,
  "train_samples": 140272,
  "test_samples": 82332,
  "metrics": {
    "overall": {
      "accuracy": 0.7660933780304134,
      "macro_f1": 0.45052655030182553,
      "weighted_f1": 0.773782554348501,
      "g_mean": 0.6837806198891069,
      "roc_auc": 0.9593577411852792
    },
    "per_class": {
      "Analysis": {
        "precision": 0.00663716814159292,
        "recall": 0.008862629246676515,
        "f1": 0.007590132827324478,
        "support": 677
      },
      "Backdoor": {
        "precision": 0.054844606946983544,
        "recall": 0.051457975986277875,
        "f1": 0.05309734513274336,
        "support": 583
      },
      "DoS": {
        "precision": 0.6708860759493671,
        "recall": 0.06480802152115432,
        "f1": 0.11819803746654772,
        "support": 4089
      },
      "Exploits": {
        "precision": 0.5668524460958172,
        "recall": 0.9045095220984549,
        "f1": 0.6969371863644229,
        "support": 11132
      },
      "Fuzzers": {
        "precision": 0.30040640291946585,
        "recall": 0.5974925767073573,
        "f1": 0.39980131353827475,
        "support": 6062
      },
      "Generic": {
        "precision": 0.9995051682427974,
        "recall": 0.9633299772137142,
        "f1": 0.9810842170592838,
        "support": 18871
      },
      "Normal": {
        "precision": 0.967935593573238,
        "recall": 0.7538648648648648,
        "f1": 0.8475925672698543,
        "support": 37000
      },
      "Reconnaissance": {
        "precision": 0.8933764135702746,
        "recall": 0.790903890160183,
        "f1": 0.8390229100288272,
        "support": 3496
      },
      "Shellcode": {
        "precision": 0.431858407079646,
        "recall": 0.6455026455026455,
        "f1": 0.5174973488865323,
        "support": 378
      },
      "Worms": {
        "precision": 1.0,
        "recall": 0.022727272727272728,
        "f1": 0.044444444444444446,
        "support": 44
      }
    },
    "confusion_matrix": [
      [
        6,
        4,
        8,
        616,
        28,
        0,
        15,
        0,
        0,
        0
      ],
      [
        6,
        30,
        9,
        503,
        30,
        0,
        2,
        0,
        3,
        0
      ],
      [
        278,
        228,
        265,
        3099,
        118,
        6,
        19,
        31,
        45,
        0
      ],
      [
        263,
        214,
        54,
        10069,
        263,
        2,
        88,
        128,
        51,
        0
      ],
      [
        46,
        35,
        22,
        1407,
        3622,
        0,
        781,
        53,
        96,
        0
      ],
      [
        0,
        5,
        22,
        569,
        76,
        18179,
        5,
        4,
        11,
        0
      ],
      [
        270,
        0,
        7,
        797,
        7831,
        0,
        27893,
        98,
        104,
        0
      ],
      [
        35,
        31,
        8,
        608,
        33,
        0,
        5,
        2765,
        11,
        0
      ],
      [
        0,
        0,
        0,
        58,
        52,
        0,
        8,
        16,
        244,
        0
      ],
      [
        0,
        0,
        0,
        37,
        4,
        1,
        1,
        0,
        0,
        1
      ]
    ]
  },
  "rare_class_analysis": {
    "Worms": {
      "precision": 1.0,
      "recall": 0.022727272727272728,
      "f1": 0.044444444444444446,
      "support": 44
    },
    "Shellcode": {
      "precision": 0.431858407079646,
      "recall": 0.6455026455026455,
      "f1": 0.5174973488865323,
      "support": 378
    },
    "Backdoor": {
      "precision": 0.054844606946983544,
      "recall": 0.051457975986277875,
      "f1": 0.05309734513274336,
      "support": 583
    },
    "Analysis": {
      "precision": 0.00663716814159292,
      "recall": 0.008862629246676515,
      "f1": 0.007590132827324478,
      "support": 677
    }
  }
}