{
  "experiment_id": "multi_rf_s1",
  "task": "multi",
  "model": "rf",
  "strategy": "s1",
  "timestamp": "2026-01-18T02:53:46.707437",
  "training_time_seconds": 9.09897232055664,
  "total_time_seconds": 10.281598567962646,
  "train_samples": 140272,
  "test_samples": 82332,
  "metrics": {
    "overall": {
      "accuracy": 0.676589904289948,
      "macro_f1": 0.46090685766765543,
      "weighted_f1": 0.7292064967128027,
      "g_mean": 0.7422144872820287,
      "roc_auc": 0.9548083622640293
    },
    "per_class": {
      "Normal": {
        "precision": 0.01004090740052064,
        "recall": 0.03988183161004431,
        "f1": 0.016042780748663103,
        "support": 677
      },
      "Analysis": {
        "precision": 0.040320962888666,
        "recall": 0.34476843910806176,
        "f1": 0.07219827586206896,
        "support": 583
      },
      "Backdoor": {
        "precision": 0.30985915492957744,
        "recall": 0.22597212032281733,
        "f1": 0.2613491726771319,
        "support": 4089
      },
      "DoS": {
        "precision": 0.7710494033679045,
        "recall": 0.6210923463887891,
        "f1": 0.6879944275834619,
        "support": 11132
      },
      "Exploits": {
        "precision": 0.2488271275016331,
        "recall": 0.6911910260640053,
        "f1": 0.36592288546351687,
        "support": 6062
      },
      "Fuzzers": {
        "precision": 0.9998899042166685,
        "recall": 0.9625351067775952,
        "f1": 0.9808569808569808,
        "support": 18871
      },
      "Generic": {
        "precision": 0.9945664478152593,
        "recall": 0.5936486486486486,
        "f1": 0.7435051197427435,
        "support": 37000
      },
      "Reconnaissance": {
        "precision": 0.8077553249590388,
        "recall": 0.8461098398169337,
        "f1": 0.826487845766974,
        "support": 3496
      },
      "Shellcode": {
        "precision": 0.18119022316684377,
        "recall": 0.9021164021164021,
        "f1": 0.3017699115044248,
        "support": 378
      },
      "Worms": {
        "precision": 0.28,
        "recall": 0.4772727272727273,
        "f1": 0.35294117647058826,
        "support": 44
      }
    },
    "confusion_matrix": [
      [
        27,
        256,
        264,
        54,
        71,
        0,
        4,
        1,
        0,
        0
      ],
      [
        27,
        201,
        260,
        8,
        76,
        0,
        0,
        2,
        9,
        0
      ],
      [
        255,
        1863,
        924,
        721,
        165,
        2,
        2,
        54,
        94,
        9
      ],
      [
        292,
        1898,
        864,
        6914,
        368,
        0,
        24,
        433,
        306,
        33
      ],
      [
        73,
        516,
        521,
        167,
        4190,
        0,
        89,
        90,
        415,
        1
      ],
      [
        5,
        13,
        62,
        462,
        86,
        18164,
        0,
        6,
        68,
        5
      ],
      [
        1981,
        1,
        29,
        527,
        11840,
        0,
        21965,
        109,
        544,
        4
      ],
      [
        29,
        236,
        58,
        91,
        22,
        0,
        1,
        2958,
        100,
        1
      ],
      [
        0,
        1,
        0,
        7,
        19,
        0,
        0,
        9,
        341,
        1
      ],
      [
        0,
        0,
        0,
        16,
        2,
        0,
        0,
        0,
        5,
        21
      ]
    ]
  },
  "rare_class_analysis": {
    "Worms": {
      "precision": 0.28,
      "recall": 0.4772727272727273,
      "f1": 0.35294117647058826,
      "support": 44
    },
    "Shellcode": {
      "precision": 0.18119022316684377,
      "recall": 0.9021164021164021,
      "f1": 0.3017699115044248,
      "support": 378
    },
    "Backdoor": {
      "precision": 0.30985915492957744,
      "recall": 0.22597212032281733,
      "f1": 0.2613491726771319,
      "support": 4089
    },
    "Analysis": {
      "precision": 0.040320962888666,
      "recall": 0.34476843910806176,
      "f1": 0.07219827586206896,
      "support": 583
    }
  }
}