{
  "experiment_id": "multi_xgb_s2a",
  "task": "multi",
  "model": "xgb",
  "strategy": "s2a",
  "timestamp": "2026-01-18T02:57:02.436383",
  "training_time_seconds": 85.31710529327393,
  "total_time_seconds": 87.20415830612183,
  "train_samples": 448000,
  "test_samples": 82332,
  "metrics": {
    "overall": {
      "accuracy": 0.7012340280814264,
      "macro_f1": 0.5233432733156338,
      "weighted_f1": 0.751052922049908,
      "g_mean": 0.783977801677106,
      "roc_auc": 0.9583863408935669
    },
    "per_class": {
      "Normal": {
        "precision": 0.04696616102683781,
        "recall": 0.2378138847858198,
        "f1": 0.07844092570036541,
        "support": 677
      },
      "Analysis": {
        "precision": 0.05343636961525814,
        "recall": 0.5574614065180102,
        "f1": 0.09752438109527382,
        "support": 583
      },
      "Backdoor": {
        "precision": 0.44775212636695016,
        "recall": 0.1802396674003424,
        "f1": 0.25701830863121183,
        "support": 4089
      },
      "DoS": {
        "precision": 0.7828742780986229,
        "recall": 0.6332195472511678,
        "f1": 0.7001390544298768,
        "support": 11132
      },
      "Exploits": {
        "precision": 0.258607551091098,
        "recall": 0.615803365225998,
        "f1": 0.36424842659901446,
        "support": 6062
      },
      "Fuzzers": {
        "precision": 0.9981466339602071,
        "recall": 0.9703248370515606,
        "f1": 0.9840391229578676,
        "support": 18871
      },
      "Generic": {
        "precision": 0.9758319164440127,
        "recall": 0.6514864864864864,
        "f1": 0.7813360993160675,
        "support": 37000
      },
      "Reconnaissance": {
        "precision": 0.8839879154078549,
        "recall": 0.8369565217391305,
        "f1": 0.8598295621510432,
        "support": 3496
      },
      "Shellcode": {
        "precision": 0.26651651651651653,
        "recall": 0.9391534391534392,
        "f1": 0.4152046783625731,
        "support": 378
      },
      "Worms": {
        "precision": 0.6666666666666666,
        "recall": 0.7272727272727273,
        "f1": 0.6956521739130435,
        "support": 44
      }
    },
    "confusion_matrix": [
      [
        161,
        381,
        72,
        41,
        0,
        0,
        22,
        0,
        0,
        0
      ],
      [
        157,
        325,
        73,
        14,
        4,
        0,
        2,
        0,
        8,
        0
      ],
      [
        485,
        2107,
        737,
        597,
        52,
        10,
        9,
        27,
        63,
        2
      ],
      [
        640,
        2219,
        437,
        7049,
        146,
        15,
        61,
        340,
        217,
        8
      ],
      [
        330,
        773,
        145,
        258,
        3733,
        4,
        496,
        7,
        316,
        0
      ],
      [
        14,
        19,
        83,
        361,
        37,
        18311,
        4,
        1,
        35,
        6
      ],
      [
        1595,
        3,
        61,
        537,
        10429,
        4,
        24105,
        8,
        258,
        0
      ],
      [
        46,
        255,
        38,
        132,
        17,
        0,
        2,
        2926,
        80,
        0
      ],
      [
        0,
        0,
        0,
        4,
        17,
        0,
        1,
        1,
        355,
        0
      ],
      [
        0,
        0,
        0,
        11,
        0,
        1,
        0,
        0,
        0,
        32
      ]
    ]
  },
  "rare_class_analysis": {
    "Worms": {
      "precision": 0.6666666666666666,
      "recall": 0.7272727272727273,
      "f1": 0.6956521739130435,
      "support": 44
    },
    "Shellcode": {
      "precision": 0.26651651651651653,
      "recall": 0.9391534391534392,
      "f1": 0.4152046783625731,
      "support": 378
    },
    "Backdoor": {
      "precision": 0.44775212636695016,
      "recall": 0.1802396674003424,
      "f1": 0.25701830863121183,
      "support": 4089
    },
    "Analysis": {
      "precision": 0.05343636961525814,
      "recall": 0.5574614065180102,
      "f1": 0.09752438109527382,
      "support": 583
    }
  }
}