{
  "experiment_id": "multi_lr_s2a",
  "task": "multi",
  "model": "lr",
  "strategy": "s2a",
  "timestamp": "2026-01-18T02:53:24.642594",
  "training_time_seconds": 2719.359572649002,
  "total_time_seconds": 2720.4583671092987,
  "train_samples": 448000,
  "test_samples": 82332,
  "metrics": {
    "overall": {
      "accuracy": 0.6152893164261769,
      "macro_f1": 0.3422320947476479,
      "weighted_f1": 0.6785103855048328,
      "g_mean": 0.7220019865192814,
      "roc_auc": 0.9413197710484477
    },
    "per_class": {
      "Normal": {
        "precision": 0.06254343293954134,
        "recall": 0.6646971935007385,
        "f1": 0.11432926829268293,
        "support": 677
      },
      "Analysis": {
        "precision": 0.0315483603154836,
        "recall": 0.13036020583190394,
        "f1": 0.05080213903743316,
        "support": 583
      },
      "Backdoor": {
        "precision": 0.41259731068648264,
        "recall": 0.1425776473465395,
        "f1": 0.2119229371137768,
        "support": 4089
      },
      "DoS": {
        "precision": 0.8004625041295012,
        "recall": 0.4353215954006468,
        "f1": 0.5639473990457349,
        "support": 11132
      },
      "Exploits": {
        "precision": 0.2761335676625659,
        "recall": 0.6479709666776642,
        "f1": 0.3872430620594469,
        "support": 6062
      },
      "Fuzzers": {
        "precision": 0.9963245378243458,
        "recall": 0.9624291240527794,
        "f1": 0.9790835579514825,
        "support": 18871
      },
      "Generic": {
        "precision": 0.9736471443500386,
        "recall": 0.5791621621621622,
        "f1": 0.7262959887474792,
        "support": 37000
      },
      "Reconnaissance": {
        "precision": 0.2598887515451174,
        "recall": 0.24056064073226543,
        "f1": 0.24985145573380868,
        "support": 3496
      },
      "Shellcode": {
        "precision": 0.056673435480893486,
        "recall": 0.8121693121693122,
        "f1": 0.10595340811044003,
        "support": 378
      },
      "Worms": {
        "precision": 0.016783216783216783,
        "recall": 0.8181818181818182,
        "f1": 0.0328917313841937,
        "support": 44
      }
    },
    "confusion_matrix": [
      [
        450,
        107,
        59,
        0,
        2,
        0,
        58,
        1,
        0,
        0
      ],
      [
        407,
        76,
        40,
        8,
        11,
        0,
        2,
        24,
        11,
        4
      ],
      [
        1466,
        909,
        583,
        526,
        141,
        22,
        62,
        79,
        132,
        169
      ],
      [
        1855,
        938,
        528,
        4846,
        655,
        31,
        423,
        159,
        528,
        1169
      ],
      [
        921,
        224,
        100,
        28,
        3928,
        6,
        21,
        342,
        369,
        123
      ],
      [
        15,
        21,
        23,
        289,
        134,
        18162,
        14,
        33,
        61,
        119
      ],
      [
        1953,
        10,
        7,
        346,
        9163,
        1,
        21429,
        1716,
        2275,
        100
      ],
      [
        128,
        124,
        73,
        11,
        162,
        7,
        0,
        841,
        1730,
        420
      ],
      [
        0,
        0,
        0,
        0,
        26,
        0,
        0,
        40,
        307,
        5
      ],
      [
        0,
        0,
        0,
        0,
        3,
        0,
        0,
        1,
        4,
        36
      ]
    ]
  },
  "rare_class_analysis": {
    "Worms": {
      "precision": 0.016783216783216783,
      "recall": 0.8181818181818182,
      "f1": 0.0328917313841937,
      "support": 44
    },
    "Shellcode": {
      "precision": 0.056673435480893486,
      "recall": 0.8121693121693122,
      "f1": 0.10595340811044003,
      "support": 378
    },
    "Backdoor": {
      "precision": 0.41259731068648264,
      "recall": 0.1425776473465395,
      "f1": 0.2119229371137768,
      "support": 4089
    },
    "Analysis": {
      "precision": 0.0315483603154836,
      "recall": 0.13036020583190394,
      "f1": 0.05080213903743316,
      "support": 583
    }
  }
}