{
  "experiment_id": "multi_xgb_s2a",
  "task": "multi",
  "model": "xgb",
  "strategy": "s2a",
  "timestamp": "2026-01-22T13:53:26.009887",
  "training_time_seconds": 40.1112117767334,
  "total_time_seconds": 41.08080434799194,
  "train_samples": 448000,
  "test_samples": 82332,
  "metrics": {
    "overall": {
      "accuracy": 0.6878734878297624,
      "macro_f1": 0.5110899926085684,
      "weighted_f1": 0.741024035644782,
      "g_mean": 0.7860552516635474,
      "roc_auc": 0.9584213418943452
    },
    "per_class": {
      "Analysis": {
        "precision": 0.04896569782665619,
        "recall": 0.276218611521418,
        "f1": 0.08318505338078291,
        "support": 677
      },
      "Backdoor": {
        "precision": 0.05117056856187291,
        "recall": 0.5248713550600344,
        "f1": 0.09325003809233583,
        "support": 583
      },
      "DoS": {
        "precision": 0.43742690058479533,
        "recall": 0.18292981168989972,
        "f1": 0.2579755130194861,
        "support": 4089
      },
      "Exploits": {
        "precision": 0.7965217391304348,
        "recall": 0.6171397772188286,
        "f1": 0.6954497140254087,
        "support": 11132
      },
      "Fuzzers": {
        "precision": 0.2532391811350091,
        "recall": 0.6448366875618607,
        "f1": 0.36366173597543955,
        "support": 6062
      },
      "Generic": {
        "precision": 0.9982556554919597,
        "recall": 0.9704308197763765,
        "f1": 0.98414660361135,
        "support": 18871
      },
      "Normal": {
        "precision": 0.9850240302094061,
        "recall": 0.6204054054054055,
        "f1": 0.7613093658795437,
        "support": 37000
      },
      "Reconnaissance": {
        "precision": 0.8696933962264151,
        "recall": 0.8438215102974829,
        "f1": 0.8565621370499419,
        "support": 3496
      },
      "Shellcode": {
        "precision": 0.218018018018018,
        "recall": 0.9603174603174603,
        "f1": 0.355359765051395,
        "support": 378
      },
      "Worms": {
        "precision": 0.5892857142857143,
        "recall": 0.75,
        "f1": 0.66,
        "support": 44
      }
    },
    "confusion_matrix": [
      [
        187,
        357,
        75,
        38,
        0,
        0,
        20,
        0,
        0,
        0
      ],
      [
        185,
        306,
        71,
        9,
        1,
        0,
        2,
        0,
        9,
        0
      ],
      [
        484,
        2122,
        748,
        570,
        42,
        8,
        9,
        30,
        74,
        2
      ],
      [
        680,
        2185,
        480,
        6870,
        151,
        16,
        51,
        393,
        294,
        12
      ],
      [
        395,
        722,
        140,
        235,
        3909,
        2,
        261,
        8,
        390,
        0
      ],
      [
        10,
        27,
        82,
        346,
        34,
        18313,
        4,
        1,
        47,
        7
      ],
      [
        1837,
        2,
        74,
        456,
        11276,
        4,
        22955,
        9,
        387,
        0
      ],
      [
        41,
        259,
        40,
        90,
        13,
        1,
        1,
        2950,
        99,
        2
      ],
      [
        0,
        0,
        0,
        3,
        10,
        0,
        1,
        1,
        363,
        0
      ],
      [
        0,
        0,
        0,
        8,
        0,
        1,
        0,
        0,
        2,
        33
      ]
    ]
  },
  "rare_class_analysis": {
    "Worms": {
      "precision": 0.5892857142857143,
      "recall": 0.75,
      "f1": 0.66,
      "support": 44
    },
    "Shellcode": {
      "precision": 0.218018018018018,
      "recall": 0.9603174603174603,
      "f1": 0.355359765051395,
      "support": 378
    },
    "Backdoor": {
      "precision": 0.05117056856187291,
      "recall": 0.5248713550600344,
      "f1": 0.09325003809233583,
      "support": 583
    },
    "Analysis": {
      "precision": 0.04896569782665619,
      "recall": 0.276218611521418,
      "f1": 0.08318505338078291,
      "support": 677
    }
  }
}