{
  "experiment_id": "multi_baseline_stratified",
  "task": "multi",
  "model": "baseline",
  "strategy": "stratified",
  "timestamp": "2026-01-22T18:40:13.871886",
  "training_time_seconds": 0.10563468933105469,
  "total_time_seconds": 0.10563468933105469,
  "metrics": {
    "overall": {
      "accuracy": 0.23406451926346986,
      "macro_f1": 0.09740693639195369,
      "weighted_f1": 0.25133157066525097,
      "g_mean": 0.2993573191275398,
      "roc_auc": 0.499643431784132
    },
    "per_class": {
      "Analysis": {
        "precision": 0.011025358324145534,
        "recall": 0.014771048744460856,
        "f1": 0.012626262626262626,
        "support": 677
      },
      "Backdoor": {
        "precision": 0.007702182284980745,
        "recall": 0.010291595197255575,
        "f1": 0.00881057268722467,
        "support": 583
      },
      "DoS": {
        "precision": 0.04676753782668501,
        "recall": 0.0665199315235999,
        "f1": 0.05492175668854114,
        "support": 4089
      },
      "Exploits": {
        "precision": 0.13574225017649702,
        "recall": 0.18999281351060007,
        "f1": 0.15834986710590349,
        "support": 11132
      },
      "Fuzzers": {
        "precision": 0.07169009094130152,
        "recall": 0.10013196964698119,
        "f1": 0.08355702388326795,
        "support": 6062
      },
      "Generic": {
        "precision": 0.2279094260136914,
        "recall": 0.22934661650151025,
        "f1": 0.22862576265814427,
        "support": 18871
      },
      "Normal": {
        "precision": 0.44487890061498747,
        "recall": 0.31672972972972974,
        "f1": 0.3700230494774399,
        "support": 37000
      },
      "Reconnaissance": {
        "precision": 0.043785017638514216,
        "recall": 0.060354691075514874,
        "f1": 0.05075165363800361,
        "support": 3496
      },
      "Shellcode": {
        "precision": 0.005366726296958855,
        "recall": 0.007936507936507936,
        "f1": 0.0064034151547491995,
        "support": 378
      },
      "Worms": {
        "precision": 0.0,
        "recall": 0.0,
        "f1": 0.0,
        "support": 44
      }
    },
    "confusion_matrix": [
      [
        10,
        3,
        47,
        125,
        59,
        151,
        243,
        34,
        5,
        0
      ],
      [
        4,
        6,
        34,
        113,
        55,
        127,
        203,
        36,
        5,
        0
      ],
      [
        43,
        46,
        272,
        776,
        413,
        934,
        1354,
        219,
        27,
        5
      ],
      [
        118,
        117,
        752,
        2115,
        1190,
        2554,
        3594,
        606,
        75,
        11
      ],
      [
        60,
        54,
        421,
        1131,
        607,
        1395,
        1994,
        356,
        43,
        1
      ],
      [
        192,
        168,
        1364,
        3560,
        1932,
        4328,
        5995,
        1183,
        133,
        16
      ],
      [
        429,
        346,
        2639,
        7009,
        3849,
        8574,
        11719,
        2149,
        249,
        37
      ],
      [
        46,
        34,
        260,
        673,
        322,
        827,
        1102,
        211,
        19,
        2
      ],
      [
        5,
        5,
        25,
        71,
        33,
        89,
        124,
        23,
        3,
        0
      ],
      [
        0,
        0,
        2,
        8,
        7,
        11,
        14,
        2,
        0,
        0
      ]
    ]
  }
}