{
  "experiment_id": "multi_lr_s0_s43",
  "seed": 43,
  "task": "multi",
  "model": "lr",
  "strategy": "s0",
  "timestamp": "2026-01-23T11:29:27.740369",
  "training_time_seconds": 239.42037963867188,
  "total_time_seconds": 240.14595770835876,
  "train_samples": 140272,
  "test_samples": 82332,
  "metrics": {
    "overall": {
      "accuracy": 0.6976752659962104,
      "macro_f1": 0.3410456608256645,
      "weighted_f1": 0.7075639540208779,
      "g_mean": 0.6109299725745525,
      "roc_auc": 0.948445770834752
    },
    "per_class": {
      "Analysis": {
        "precision": 0.05422993492407809,
        "recall": 0.03692762186115214,
        "f1": 0.043936731107205626,
        "support": 677
      },
      "Backdoor": {
        "precision": 0.0,
        "recall": 0.0,
        "f1": 0.0,
        "support": 583
      },
      "DoS": {
        "precision": 0.2663316582914573,
        "recall": 0.025923208608461725,
        "f1": 0.04724760418988188,
        "support": 4089
      },
      "Exploits": {
        "precision": 0.5347658873084671,
        "recall": 0.7869205892921308,
        "f1": 0.6367898811470941,
        "support": 11132
      },
      "Fuzzers": {
        "precision": 0.2627935869372301,
        "recall": 0.7327614648630815,
        "f1": 0.38684955366862617,
        "support": 6062
      },
      "Generic": {
        "precision": 0.9926799956298481,
        "recall": 0.9629590376768586,
        "f1": 0.977593673507814,
        "support": 18871
      },
      "Normal": {
        "precision": 0.9504359057152083,
        "recall": 0.6364324324324324,
        "f1": 0.7623672623672624,
        "support": 37000
      },
      "Reconnaissance": {
        "precision": 0.46832712296528733,
        "recall": 0.683066361556064,
        "f1": 0.555671902268761,
        "support": 3496
      },
      "Shellcode": {
        "precision": 0.0,
        "recall": 0.0,
        "f1": 0.0,
        "support": 378
      },
      "Worms": {
        "precision": 0.0,
        "recall": 0.0,
        "f1": 0.0,
        "support": 44
      }
    },
    "confusion_matrix": [
      [
        25,
        0,
        42,
        373,
        173,
        6,
        58,
        0,
        0,
        0
      ],
      [
        25,
        0,
        39,
        292,
        188,
        6,
        5,
        28,
        0,
        0
      ],
      [
        25,
        0,
        106,
        3310,
        384,
        38,
        99,
        127,
        0,
        0
      ],
      [
        66,
        1,
        121,
        8760,
        1129,
        50,
        685,
        319,
        0,
        1
      ],
      [
        50,
        0,
        80,
        888,
        4442,
        15,
        337,
        250,
        0,
        0
      ],
      [
        0,
        0,
        5,
        437,
        187,
        18172,
        21,
        47,
        0,
        2
      ],
      [
        270,
        0,
        0,
        1565,
        9935,
        2,
        23548,
        1676,
        2,
        2
      ],
      [
        0,
        0,
        5,
        727,
        346,
        12,
        18,
        2388,
        0,
        0
      ],
      [
        0,
        0,
        0,
        0,
        111,
        0,
        4,
        263,
        0,
        0
      ],
      [
        0,
        0,
        0,
        29,
        8,
        5,
        1,
        1,
        0,
        0
      ]
    ]
  },
  "rare_class_analysis": {
    "Worms": {
      "precision": 0.0,
      "recall": 0.0,
      "f1": 0.0,
      "support": 44
    },
    "Shellcode": {
      "precision": 0.0,
      "recall": 0.0,
      "f1": 0.0,
      "support": 378
    },
    "Backdoor": {
      "precision": 0.0,
      "recall": 0.0,
      "f1": 0.0,
      "support": 583
    },
    "Analysis": {
      "precision": 0.05422993492407809,
      "recall": 0.03692762186115214,
      "f1": 0.043936731107205626,
      "support": 677
    }
  }
}