{
  "experiment_id": "binary_rf_s2a_s44",
  "seed": 44,
  "task": "binary",
  "model": "rf",
  "strategy": "s2a",
  "timestamp": "2026-01-22T22:06:45.703802",
  "training_time_seconds": 29.364527463912964,
  "total_time_seconds": 35.843308448791504,
  "train_samples": 190944,
  "test_samples": 82332,
  "metrics": {
    "overall": {
      "accuracy": 0.8999295535150367,
      "macro_f1": 0.8968280186019881,
      "weighted_f1": 0.8986383155473837,
      "g_mean": 0.8915135385539956,
      "roc_auc": 0.9837758235933808
    },
    "per_class": {
      "Normal": {
        "precision": 0.9630357085359178,
        "recall": 0.8083513513513514,
        "f1": 0.8789397122999838,
        "support": 37000
      },
      "Attack": {
        "precision": 0.8617064846416382,
        "recall": 0.9746757257566399,
        "f1": 0.9147163249039925,
        "support": 45332
      }
    },
    "confusion_matrix": [
      [
        29909,
        7091
      ],
      [
        1148,
        44184
      ]
    ]
  },
  "rare_class_analysis": null
}