{
  "experiment_id": "multi_lr_s1_s45",
  "seed": 45,
  "task": "multi",
  "model": "lr",
  "strategy": "s1",
  "timestamp": "2026-01-23T11:30:00.795179",
  "training_time_seconds": 272.32393074035645,
  "total_time_seconds": 273.0879180431366,
  "train_samples": 140272,
  "test_samples": 82332,
  "metrics": {
    "overall": {
      "accuracy": 0.6197590244376427,
      "macro_f1": 0.35199592120770584,
      "weighted_f1": 0.6842357228906976,
      "g_mean": 0.7276546814273924,
      "roc_auc": 0.9421005779272358
    },
    "per_class": {
      "Analysis": {
        "precision": 0.06018316615787178,
        "recall": 0.6115214180206795,
        "f1": 0.10958178930651138,
        "support": 677
      },
      "Backdoor": {
        "precision": 0.038989974006684,
        "recall": 0.18010291595197256,
        "f1": 0.0641025641025641,
        "support": 583
      },
      "DoS": {
        "precision": 0.4218077474892396,
        "recall": 0.1438004402054292,
        "f1": 0.21448112347255152,
        "support": 4089
      },
      "Exploits": {
        "precision": 0.8042917070022588,
        "recall": 0.4478081207330219,
        "f1": 0.5753029428736296,
        "support": 11132
      },
      "Fuzzers": {
        "precision": 0.27576342701852247,
        "recall": 0.6360936984493566,
        "f1": 0.3847343477176353,
        "support": 6062
      },
      "Generic": {
        "precision": 0.9964898809850271,
        "recall": 0.9628000635896349,
        "f1": 0.979355325571367,
        "support": 18871
      },
      "Normal": {
        "precision": 0.9800649261579261,
        "recall": 0.5793243243243243,
        "f1": 0.7282023407110462,
        "support": 37000
      },
      "Reconnaissance": {
        "precision": 0.33079847908745247,
        "recall": 0.323512585812357,
        "f1": 0.32711496746203905,
        "support": 3496
      },
      "Shellcode": {
        "precision": 0.05577761627906977,
        "recall": 0.8121693121693122,
        "f1": 0.10438626317579054,
        "support": 378
      },
      "Worms": {
        "precision": 0.016682113067655237,
        "recall": 0.8181818181818182,
        "f1": 0.0326975476839237,
        "support": 44
      }
    },
    "confusion_matrix": [
      [
        414,
        135,
        55,
        0,
        14,
        0,
        58,
        1,
        0,
        0
      ],
      [
        374,
        105,
        32,
        8,
        23,
        0,
        2,
        26,
        9,
        4
      ],
      [
        1389,
        974,
        588,
        536,
        147,
        22,
        53,
        82,
        129,
        169
      ],
      [
        1759,
        1026,
        522,
        4985,
        673,
        31,
        296,
        174,
        500,
        1166
      ],
      [
        852,
        284,
        91,
        32,
        3856,
        3,
        15,
        311,
        486,
        132
      ],
      [
        12,
        25,
        24,
        289,
        138,
        18169,
        12,
        32,
        51,
        119
      ],
      [
        1956,
        14,
        10,
        337,
        8978,
        1,
        21435,
        1615,
        2549,
        105
      ],
      [
        123,
        130,
        72,
        11,
        130,
        7,
        0,
        1131,
        1469,
        423
      ],
      [
        0,
        0,
        0,
        0,
        21,
        0,
        0,
        46,
        307,
        4
      ],
      [
        0,
        0,
        0,
        0,
        3,
        0,
        0,
        1,
        4,
        36
      ]
    ]
  },
  "rare_class_analysis": {
    "Worms": {
      "precision": 0.016682113067655237,
      "recall": 0.8181818181818182,
      "f1": 0.0326975476839237,
      "support": 44
    },
    "Shellcode": {
      "precision": 0.05577761627906977,
      "recall": 0.8121693121693122,
      "f1": 0.10438626317579054,
      "support": 378
    },
    "Backdoor": {
      "precision": 0.038989974006684,
      "recall": 0.18010291595197256,
      "f1": 0.0641025641025641,
      "support": 583
    },
    "Analysis": {
      "precision": 0.06018316615787178,
      "recall": 0.6115214180206795,
      "f1": 0.10958178930651138,
      "support": 677
    }
  }
}