{
  "experiment_id": "multi_rf_s0_s43",
  "seed": 43,
  "task": "multi",
  "model": "rf",
  "strategy": "s0",
  "timestamp": "2026-01-22T22:09:49.226473",
  "training_time_seconds": 23.101815700531006,
  "total_time_seconds": 27.44198179244995,
  "train_samples": 140272,
  "test_samples": 82332,
  "metrics": {
    "overall": {
      "accuracy": 0.7667978428800466,
      "macro_f1": 0.45138070721002077,
      "weighted_f1": 0.7740112458500211,
      "g_mean": 0.6832885045002098,
      "roc_auc": 0.9594082983709857
    },
    "per_class": {
      "Analysis": {
        "precision": 0.0,
        "recall": 0.0,
        "f1": 0.0,
        "support": 677
      },
      "Backdoor": {
        "precision": 0.05271828665568369,
        "recall": 0.0548885077186964,
        "f1": 0.05378151260504202,
        "support": 583
      },
      "DoS": {
        "precision": 0.5717213114754098,
        "recall": 0.06823184152604549,
        "f1": 0.12191391741315272,
        "support": 4089
      },
      "Exploits": {
        "precision": 0.5651446730222445,
        "recall": 0.9106180380883938,
        "f1": 0.6974440125219306,
        "support": 11132
      },
      "Fuzzers": {
        "precision": 0.3003975974959817,
        "recall": 0.5857802705377763,
        "f1": 0.3971369457026226,
        "support": 6062
      },
      "Generic": {
        "precision": 0.9995601011767293,
        "recall": 0.9632769858513063,
        "f1": 0.9810831961572712,
        "support": 18871
      },
      "Normal": {
        "precision": 0.9648541343000172,
        "recall": 0.7553243243243243,
        "f1": 0.8473281285530205,
        "support": 37000
      },
      "Reconnaissance": {
        "precision": 0.9112796833773087,
        "recall": 0.7903318077803204,
        "f1": 0.8465073529411765,
        "support": 3496
      },
      "Shellcode": {
        "precision": 0.4412296564195298,
        "recall": 0.6455026455026455,
        "f1": 0.5241675617615468,
        "support": 378
      },
      "Worms": {
        "precision": 1.0,
        "recall": 0.022727272727272728,
        "f1": 0.044444444444444446,
        "support": 44
      }
    },
    "confusion_matrix": [
      [
        0,
        8,
        18,
        640,
        2,
        0,
        9,
        0,
        0,
        0
      ],
      [
        0,
        32,
        20,
        522,
        6,
        0,
        0,
        0,
        3,
        0
      ],
      [
        208,
        252,
        279,
        3139,
        102,
        3,
        27,
        33,
        46,
        0
      ],
      [
        195,
        236,
        81,
        10137,
        224,
        2,
        91,
        115,
        51,
        0
      ],
      [
        26,
        42,
        41,
        1428,
        3551,
        1,
        865,
        28,
        80,
        0
      ],
      [
        0,
        3,
        30,
        563,
        75,
        18178,
        6,
        5,
        11,
        0
      ],
      [
        287,
        0,
        11,
        811,
        7763,
        1,
        27947,
        78,
        102,
        0
      ],
      [
        26,
        34,
        7,
        611,
        30,
        0,
        9,
        2763,
        16,
        0
      ],
      [
        0,
        0,
        1,
        49,
        64,
        0,
        10,
        10,
        244,
        0
      ],
      [
        0,
        0,
        0,
        37,
        4,
        1,
        1,
        0,
        0,
        1
      ]
    ]
  },
  "rare_class_analysis": {
    "Worms": {
      "precision": 1.0,
      "recall": 0.022727272727272728,
      "f1": 0.044444444444444446,
      "support": 44
    },
    "Shellcode": {
      "precision": 0.4412296564195298,
      "recall": 0.6455026455026455,
      "f1": 0.5241675617615468,
      "support": 378
    },
    "Backdoor": {
      "precision": 0.05271828665568369,
      "recall": 0.0548885077186964,
      "f1": 0.05378151260504202,
      "support": 583
    },
    "Analysis": {
      "precision": 0.0,
      "recall": 0.0,
      "f1": 0.0,
      "support": 677
    }
  }
}