{
  "experiment_id": "multi_lr_s2a_s42",
  "seed": 42,
  "task": "multi",
  "model": "lr",
  "strategy": "s2a",
  "timestamp": "2026-01-22T23:38:09.385447",
  "training_time_seconds": 343.9487748146057,
  "total_time_seconds": 347.200980424881,
  "train_samples": 448000,
  "test_samples": 82332,
  "metrics": {
    "overall": {
      "accuracy": 0.6229898459894088,
      "macro_f1": 0.3579793481436783,
      "weighted_f1": 0.687310852883778,
      "g_mean": 0.7322444957025928,
      "roc_auc": 0.9423771660661717
    },
    "per_class": {
      "Analysis": {
        "precision": 0.05707898658718331,
        "recall": 0.5657311669128509,
        "f1": 0.10369568160281575,
        "support": 677
      },
      "Backdoor": {
        "precision": 0.047217537942664416,
        "recall": 0.24013722126929674,
        "f1": 0.07891770011273957,
        "support": 583
      },
      "DoS": {
        "precision": 0.4138950480413895,
        "recall": 0.13695280019564685,
        "f1": 0.2058066887173833,
        "support": 4089
      },
      "Exploits": {
        "precision": 0.8036282622533418,
        "recall": 0.4536471433704635,
        "f1": 0.5799265043638034,
        "support": 11132
      },
      "Fuzzers": {
        "precision": 0.2762864339690536,
        "recall": 0.6332893434510063,
        "f1": 0.3847271634013128,
        "support": 6062
      },
      "Generic": {
        "precision": 0.9961622807017544,
        "recall": 0.9628530549520428,
        "f1": 0.9792244886960739,
        "support": 18871
      },
      "Normal": {
        "precision": 0.9836839451853889,
        "recall": 0.580081081081081,
        "f1": 0.7297981944609735,
        "support": 37000
      },
      "Reconnaissance": {
        "precision": 0.3696786597088712,
        "recall": 0.38501144164759726,
        "f1": 0.3771892952220821,
        "support": 3496
      },
      "Shellcode": {
        "precision": 0.057148210605208916,
        "recall": 0.8068783068783069,
        "f1": 0.10673665791776028,
        "support": 378
      },
      "Worms": {
        "precision": 0.017241379310344827,
        "recall": 0.8181818181818182,
        "f1": 0.03377110694183865,
        "support": 44
      }
    },
    "confusion_matrix": [
      [
        383,
        168,
        53,
        0,
        14,
        0,
        58,
        1,
        0,
        0
      ],
      [
        340,
        140,
        32,
        9,
        23,
        0,
        1,
        26,
        8,
        4
      ],
      [
        1388,
        1010,
        560,
        547,
        138,
        23,
        48,
        88,
        123,
        164
      ],
      [
        1721,
        1128,
        505,
        5050,
        678,
        33,
        224,
        152,
        489,
        1152
      ],
      [
        788,
        349,
        91,
        34,
        3839,
        3,
        13,
        324,
        497,
        124
      ],
      [
        13,
        29,
        34,
        280,
        139,
        18170,
        12,
        29,
        51,
        114
      ],
      [
        1950,
        13,
        6,
        354,
        8921,
        4,
        21463,
        1623,
        2579,
        87
      ],
      [
        127,
        128,
        72,
        10,
        123,
        7,
        0,
        1346,
        1280,
        403
      ],
      [
        0,
        0,
        0,
        0,
        18,
        0,
        0,
        51,
        305,
        4
      ],
      [
        0,
        0,
        0,
        0,
        2,
        0,
        0,
        1,
        5,
        36
      ]
    ]
  },
  "rare_class_analysis": {
    "Worms": {
      "precision": 0.017241379310344827,
      "recall": 0.8181818181818182,
      "f1": 0.03377110694183865,
      "support": 44
    },
    "Shellcode": {
      "precision": 0.057148210605208916,
      "recall": 0.8068783068783069,
      "f1": 0.10673665791776028,
      "support": 378
    },
    "Backdoor": {
      "precision": 0.047217537942664416,
      "recall": 0.24013722126929674,
      "f1": 0.07891770011273957,
      "support": 583
    },
    "Analysis": {
      "precision": 0.05707898658718331,
      "recall": 0.5657311669128509,
      "f1": 0.10369568160281575,
      "support": 677
    }
  }
}