{
  "experiment_id": "multi_xgb_s2a_s42",
  "seed": 42,
  "task": "multi",
  "model": "xgb",
  "strategy": "s2a",
  "timestamp": "2026-01-22T23:38:23.753927",
  "training_time_seconds": 350.6173303127289,
  "total_time_seconds": 361.56944465637207,
  "train_samples": 448000,
  "test_samples": 82332,
  "metrics": {
    "overall": {
      "accuracy": 0.6989870281300102,
      "macro_f1": 0.515819460345403,
      "weighted_f1": 0.7500419786885238,
      "g_mean": 0.7865169573372476,
      "roc_auc": 0.9578749685244421
    },
    "per_class": {
      "Analysis": {
        "precision": 0.04638009049773756,
        "recall": 0.24224519940915806,
        "f1": 0.07785426062188465,
        "support": 677
      },
      "Backdoor": {
        "precision": 0.05471226021684737,
        "recall": 0.5626072041166381,
        "f1": 0.09972636059592581,
        "support": 583
      },
      "DoS": {
        "precision": 0.4497354497354497,
        "recall": 0.18708730741012472,
        "f1": 0.26424870466321243,
        "support": 4089
      },
      "Exploits": {
        "precision": 0.7896039603960396,
        "recall": 0.6304347826086957,
        "f1": 0.701098901098901,
        "support": 11132
      },
      "Fuzzers": {
        "precision": 0.2607993540573274,
        "recall": 0.6393929396238865,
        "f1": 0.3704836551328618,
        "support": 6062
      },
      "Generic": {
        "precision": 0.9983097977209531,
        "recall": 0.9702718456891527,
        "f1": 0.9840911533913791,
        "support": 18871
      },
      "Normal": {
        "precision": 0.9831686034489888,
        "recall": 0.6425405405405406,
        "f1": 0.7771693826514767,
        "support": 37000
      },
      "Reconnaissance": {
        "precision": 0.886535552193646,
        "recall": 0.8381006864988558,
        "f1": 0.8616379944125864,
        "support": 3496
      },
      "Shellcode": {
        "precision": 0.23975409836065573,
        "recall": 0.9285714285714286,
        "f1": 0.3811074918566775,
        "support": 378
      },
      "Worms": {
        "precision": 0.559322033898305,
        "recall": 0.75,
        "f1": 0.6407766990291263,
        "support": 44
      }
    },
    "confusion_matrix": [
      [
        164,
        384,
        71,
        39,
        0,
        0,
        19,
        0,
        0,
        0
      ],
      [
        159,
        328,
        73,
        11,
        2,
        0,
        2,
        0,
        8,
        0
      ],
      [
        533,
        2048,
        765,
        579,
        37,
        8,
        22,
        29,
        66,
        2
      ],
      [
        690,
        2186,
        456,
        7018,
        140,
        13,
        42,
        330,
        243,
        14
      ],
      [
        349,
        771,
        137,
        252,
        3876,
        3,
        313,
        8,
        353,
        0
      ],
      [
        13,
        20,
        88,
        353,
        37,
        18310,
        4,
        1,
        37,
        8
      ],
      [
        1577,
        7,
        72,
        497,
        10742,
        5,
        23774,
        6,
        320,
        0
      ],
      [
        51,
        251,
        38,
        124,
        11,
        1,
        3,
        2930,
        85,
        2
      ],
      [
        0,
        0,
        1,
        6,
        17,
        0,
        2,
        1,
        351,
        0
      ],
      [
        0,
        0,
        0,
        9,
        0,
        1,
        0,
        0,
        1,
        33
      ]
    ]
  },
  "rare_class_analysis": {
    "Worms": {
      "precision": 0.559322033898305,
      "recall": 0.75,
      "f1": 0.6407766990291263,
      "support": 44
    },
    "Shellcode": {
      "precision": 0.23975409836065573,
      "recall": 0.9285714285714286,
      "f1": 0.3811074918566775,
      "support": 378
    },
    "Backdoor": {
      "precision": 0.05471226021684737,
      "recall": 0.5626072041166381,
      "f1": 0.09972636059592581,
      "support": 583
    },
    "Analysis": {
      "precision": 0.04638009049773756,
      "recall": 0.24224519940915806,
      "f1": 0.07785426062188465,
      "support": 677
    }
  }
}