{
  "experiment_id": "binary_lr_s2a_s42",
  "seed": 42,
  "task": "binary",
  "model": "lr",
  "strategy": "s2a",
  "timestamp": "2026-01-22T23:28:53.392932",
  "training_time_seconds": 108.68293452262878,
  "total_time_seconds": 109.8773205280304,
  "train_samples": 190944,
  "test_samples": 82332,
  "metrics": {
    "overall": {
      "accuracy": 0.8375479764854492,
      "macro_f1": 0.8315650966362641,
      "weighted_f1": 0.8347776605921454,
      "g_mean": 0.8269440476389209,
      "roc_auc": 0.9561626719148336
    },
    "per_class": {
      "Normal": {
        "precision": 0.8961931913466376,
        "recall": 0.7221621621621621,
        "f1": 0.7998203996108658,
        "support": 37000
      },
      "Attack": {
        "precision": 0.8042538606546452,
        "recall": 0.9317259331156799,
        "f1": 0.8633097936616624,
        "support": 45332
      }
    },
    "confusion_matrix": [
      [
        26720,
        10280
      ],
      [
        3095,
        42237
      ]
    ]
  },
  "rare_class_analysis": null
}