{
  "experiment_id": "binary_xgb_s2a_s42",
  "seed": 42,
  "task": "binary",
  "model": "xgb",
  "strategy": "s2a",
  "timestamp": "2026-01-22T23:29:41.168041",
  "training_time_seconds": 146.1956238746643,
  "total_time_seconds": 157.54663491249084,
  "train_samples": 190944,
  "test_samples": 82332,
  "metrics": {
    "overall": {
      "accuracy": 0.9005854345819365,
      "macro_f1": 0.8974711963626444,
      "weighted_f1": 0.8992795337271396,
      "g_mean": 0.892084306533658,
      "roc_auc": 0.985755161320325
    },
    "per_class": {
      "Normal": {
        "precision": 0.9650130716844721,
        "recall": 0.8080810810810811,
        "f1": 0.8796022535045526,
        "support": 37000
      },
      "Attack": {
        "precision": 0.8617110362421858,
        "recall": 0.9760875319862349,
        "f1": 0.9153401392207362,
        "support": 45332
      }
    },
    "confusion_matrix": [
      [
        29899,
        7101
      ],
      [
        1084,
        44248
      ]
    ]
  },
  "rare_class_analysis": null
}