{
  "experiment_id": "multi_xgb_s0_s42",
  "seed": 42,
  "task": "multi",
  "model": "xgb",
  "strategy": "s0",
  "timestamp": "2026-01-22T23:34:35.427886",
  "training_time_seconds": 123.27348303794861,
  "total_time_seconds": 133.24356126785278,
  "train_samples": 140272,
  "test_samples": 82332,
  "metrics": {
    "overall": {
      "accuracy": 0.7679517077199631,
      "macro_f1": 0.5072836203632196,
      "weighted_f1": 0.7813673765033784,
      "g_mean": 0.7247819076102077,
      "roc_auc": 0.9630612100905104
    },
    "per_class": {
      "Analysis": {
        "precision": 0.04618614415675298,
        "recall": 0.09748892171344166,
        "f1": 0.06267806267806268,
        "support": 677
      },
      "Backdoor": {
        "precision": 0.029513888888888888,
        "recall": 0.058319039451114926,
        "f1": 0.03919308357348703,
        "support": 583
      },
      "DoS": {
        "precision": 0.5217391304347826,
        "recall": 0.09977989728539985,
        "f1": 0.16752206939026895,
        "support": 4089
      },
      "Exploits": {
        "precision": 0.5988249845392702,
        "recall": 0.8698347107438017,
        "f1": 0.7093253241520767,
        "support": 11132
      },
      "Fuzzers": {
        "precision": 0.30893332189135847,
        "recall": 0.5938634114153745,
        "f1": 0.40643522438611346,
        "support": 6062
      },
      "Generic": {
        "precision": 0.9978778974861248,
        "recall": 0.9718085951989825,
        "f1": 0.9846707294155548,
        "support": 18871
      },
      "Normal": {
        "precision": 0.9685183902472813,
        "recall": 0.7558108108108108,
        "f1": 0.8490451467953972,
        "support": 37000
      },
      "Reconnaissance": {
        "precision": 0.9275884665792923,
        "recall": 0.8097826086956522,
        "f1": 0.8646915088576664,
        "support": 3496
      },
      "Shellcode": {
        "precision": 0.3463414634146341,
        "recall": 0.7513227513227513,
        "f1": 0.4741235392320534,
        "support": 378
      },
      "Worms": {
        "precision": 0.7727272727272727,
        "recall": 0.38636363636363635,
        "f1": 0.5151515151515151,
        "support": 44
      }
    },
    "confusion_matrix": [
      [
        66,
        36,
        33,
        482,
        42,
        0,
        18,
        0,
        0,
        0
      ],
      [
        66,
        34,
        36,
        396,
        45,
        0,
        1,
        0,
        5,
        0
      ],
      [
        266,
        501,
        408,
        2716,
        84,
        10,
        35,
        24,
        44,
        1
      ],
      [
        317,
        442,
        140,
        9683,
        188,
        18,
        85,
        172,
        83,
        4
      ],
      [
        157,
        70,
        71,
        1187,
        3600,
        5,
        751,
        13,
        208,
        0
      ],
      [
        0,
        5,
        38,
        428,
        32,
        18339,
        9,
        0,
        20,
        0
      ],
      [
        531,
        0,
        43,
        686,
        7616,
        5,
        27965,
        10,
        144,
        0
      ],
      [
        26,
        64,
        8,
        520,
        10,
        1,
        6,
        2831,
        30,
        0
      ],
      [
        0,
        0,
        4,
        51,
        33,
        0,
        4,
        2,
        284,
        0
      ],
      [
        0,
        0,
        1,
        21,
        3,
        0,
        0,
        0,
        2,
        17
      ]
    ]
  },
  "rare_class_analysis": {
    "Worms": {
      "precision": 0.7727272727272727,
      "recall": 0.38636363636363635,
      "f1": 0.5151515151515151,
      "support": 44
    },
    "Shellcode": {
      "precision": 0.3463414634146341,
      "recall": 0.7513227513227513,
      "f1": 0.4741235392320534,
      "support": 378
    },
    "Backdoor": {
      "precision": 0.029513888888888888,
      "recall": 0.058319039451114926,
      "f1": 0.03919308357348703,
      "support": 583
    },
    "Analysis": {
      "precision": 0.04618614415675298,
      "recall": 0.09748892171344166,
      "f1": 0.06267806267806268,
      "support": 677
    }
  }
}