{
  "experiment_id": "binary_xgb_s2a_s43",
  "seed": 43,
  "task": "binary",
  "model": "xgb",
  "strategy": "s2a",
  "timestamp": "2026-01-22T22:07:39.653704",
  "training_time_seconds": 22.528457403182983,
  "total_time_seconds": 24.228660821914673,
  "train_samples": 190944,
  "test_samples": 82332,
  "metrics": {
    "overall": {
      "accuracy": 0.9085531749502016,
      "macro_f1": 0.9060782222712918,
      "weighted_f1": 0.9076211557333702,
      "g_mean": 0.9013565108830706,
      "roc_auc": 0.9864277775856682
    },
    "per_class": {
      "Normal": {
        "precision": 0.9609597397315982,
        "recall": 0.8302432432432433,
        "f1": 0.8908318471152871,
        "support": 37000
      },
      "Attack": {
        "precision": 0.8752903802243621,
        "recall": 0.9724697785228977,
        "f1": 0.9213245974272966,
        "support": 45332
      }
    },
    "confusion_matrix": [
      [
        30719,
        6281
      ],
      [
        1248,
        44084
      ]
    ]
  },
  "rare_class_analysis": null
}