{
  "experiment_id": "binary_rf_s1_s45",
  "seed": 45,
  "task": "binary",
  "model": "rf",
  "strategy": "s1",
  "timestamp": "2026-01-22T22:06:11.233680",
  "training_time_seconds": 15.5408353805542,
  "total_time_seconds": 20.820138216018677,
  "train_samples": 140272,
  "test_samples": 82332,
  "metrics": {
    "overall": {
      "accuracy": 0.8968809211485206,
      "macro_f1": 0.8934834906340012,
      "weighted_f1": 0.895408639644269,
      "g_mean": 0.8879005904784163,
      "roc_auc": 0.9839545249939784
    },
    "per_class": {
      "Normal": {
        "precision": 0.96542379522006,
        "recall": 0.7991621621621622,
        "f1": 0.8744602827231325,
        "support": 37000
      },
      "Attack": {
        "precision": 0.8562780442518954,
        "recall": 0.9766390187946704,
        "f1": 0.91250669854487,
        "support": 45332
      }
    },
    "confusion_matrix": [
      [
        29569,
        7431
      ],
      [
        1059,
        44273
      ]
    ]
  },
  "rare_class_analysis": null
}