{
  "experiment_id": "multi_rf_s0_s44",
  "seed": 44,
  "task": "multi",
  "model": "rf",
  "strategy": "s0",
  "timestamp": "2026-01-22T22:09:49.450417",
  "training_time_seconds": 23.279974460601807,
  "total_time_seconds": 27.607579946517944,
  "train_samples": 140272,
  "test_samples": 82332,
  "metrics": {
    "overall": {
      "accuracy": 0.7624860321624641,
      "macro_f1": 0.45022006962075817,
      "weighted_f1": 0.7711461346469424,
      "g_mean": 0.6824041130870647,
      "roc_auc": 0.9581882826878036
    },
    "per_class": {
      "Analysis": {
        "precision": 0.01768172888015717,
        "recall": 0.026587887740029542,
        "f1": 0.021238938053097345,
        "support": 677
      },
      "Backdoor": {
        "precision": 0.0547945205479452,
        "recall": 0.048027444253859346,
        "f1": 0.051188299817184646,
        "support": 583
      },
      "DoS": {
        "precision": 0.5657894736842105,
        "recall": 0.06309611151870873,
        "f1": 0.11353135313531353,
        "support": 4089
      },
      "Exploits": {
        "precision": 0.5771368396419587,
        "recall": 0.8861839741286381,
        "f1": 0.6990256864481842,
        "support": 11132
      },
      "Fuzzers": {
        "precision": 0.29118804723270947,
        "recall": 0.5979874628835368,
        "f1": 0.39165901355950516,
        "support": 6062
      },
      "Generic": {
        "precision": 0.9996151520149541,
        "recall": 0.9634889513009379,
        "f1": 0.981219643820831,
        "support": 18871
      },
      "Normal": {
        "precision": 0.9590998515859593,
        "recall": 0.7510270270270271,
        "f1": 0.842405226380489,
        "support": 37000
      },
      "Reconnaissance": {
        "precision": 0.8973777921657494,
        "recall": 0.7929061784897025,
        "f1": 0.8419134396355353,
        "support": 3496
      },
      "Shellcode": {
        "precision": 0.43399638336347196,
        "recall": 0.6349206349206349,
        "f1": 0.5155746509129968,
        "support": 378
      },
      "Worms": {
        "precision": 1.0,
        "recall": 0.022727272727272728,
        "f1": 0.044444444444444446,
        "support": 44
      }
    },
    "confusion_matrix": [
      [
        18,
        2,
        20,
        534,
        65,
        0,
        38,
        0,
        0,
        0
      ],
      [
        18,
        28,
        21,
        418,
        70,
        0,
        25,
        0,
        3,
        0
      ],
      [
        289,
        220,
        258,
        3018,
        183,
        3,
        38,
        33,
        47,
        0
      ],
      [
        291,
        196,
        75,
        9865,
        396,
        3,
        132,
        122,
        52,
        0
      ],
      [
        69,
        31,
        49,
        1209,
        3625,
        0,
        931,
        62,
        86,
        0
      ],
      [
        0,
        5,
        13,
        565,
        88,
        18182,
        4,
        6,
        8,
        0
      ],
      [
        298,
        0,
        13,
        799,
        7916,
        0,
        27788,
        80,
        106,
        0
      ],
      [
        35,
        29,
        5,
        594,
        45,
        0,
        5,
        2772,
        11,
        0
      ],
      [
        0,
        0,
        2,
        54,
        57,
        0,
        11,
        14,
        240,
        0
      ],
      [
        0,
        0,
        0,
        37,
        4,
        1,
        1,
        0,
        0,
        1
      ]
    ]
  },
  "rare_class_analysis": {
    "Worms": {
      "precision": 1.0,
      "recall": 0.022727272727272728,
      "f1": 0.044444444444444446,
      "support": 44
    },
    "Shellcode": {
      "precision": 0.43399638336347196,
      "recall": 0.6349206349206349,
      "f1": 0.5155746509129968,
      "support": 378
    },
    "Backdoor": {
      "precision": 0.0547945205479452,
      "recall": 0.048027444253859346,
      "f1": 0.051188299817184646,
      "support": 583
    },
    "Analysis": {
      "precision": 0.01768172888015717,
      "recall": 0.026587887740029542,
      "f1": 0.021238938053097345,
      "support": 677
    }
  }
}