{
  "experiment_id": "multi_rf_s1_s42",
  "seed": 42,
  "task": "multi",
  "model": "rf",
  "strategy": "s1",
  "timestamp": "2026-01-22T23:30:39.727793",
  "training_time_seconds": 115.2402446269989,
  "total_time_seconds": 123.51566696166992,
  "train_samples": 140272,
  "test_samples": 82332,
  "metrics": {
    "overall": {
      "accuracy": 0.7489068648885002,
      "macro_f1": 0.4728625535241077,
      "weighted_f1": 0.7827299405770715,
      "g_mean": 0.696604717241606,
      "roc_auc": 0.9430173805680214
    },
    "per_class": {
      "Analysis": {
        "precision": 0.020036429872495445,
        "recall": 0.03249630723781388,
        "f1": 0.024788732394366197,
        "support": 677
      },
      "Backdoor": {
        "precision": 0.03234441222395717,
        "recall": 0.24871355060034306,
        "f1": 0.057244374259771025,
        "support": 583
      },
      "DoS": {
        "precision": 0.27971614429331754,
        "recall": 0.231352408901932,
        "f1": 0.25324588408512916,
        "support": 4089
      },
      "Exploits": {
        "precision": 0.727061556329849,
        "recall": 0.6748113546532519,
        "f1": 0.6999627282892285,
        "support": 11132
      },
      "Fuzzers": {
        "precision": 0.29699541085808295,
        "recall": 0.5658198614318707,
        "f1": 0.3895292714780535,
        "support": 6062
      },
      "Generic": {
        "precision": 0.998903388529444,
        "recall": 0.9653966403476233,
        "f1": 0.9818642377859819,
        "support": 18871
      },
      "Normal": {
        "precision": 0.9573872262896859,
        "recall": 0.766918918918919,
        "f1": 0.8516334278725671,
        "support": 37000
      },
      "Reconnaissance": {
        "precision": 0.9194407456724367,
        "recall": 0.790045766590389,
        "f1": 0.8498461538461538,
        "support": 3496
      },
      "Shellcode": {
        "precision": 0.40765391014975044,
        "recall": 0.6481481481481481,
        "f1": 0.5005107252298263,
        "support": 378
      },
      "Worms": {
        "precision": 0.5,
        "recall": 0.06818181818181818,
        "f1": 0.12,
        "support": 44
      }
    },
    "confusion_matrix": [
      [
        22,
        215,
        332,
        56,
        41,
        0,
        10,
        1,
        0,
        0
      ],
      [
        22,
        145,
        341,
        18,
        45,
        0,
        8,
        1,
        3,
        0
      ],
      [
        321,
        1746,
        946,
        821,
        150,
        6,
        23,
        37,
        39,
        0
      ],
      [
        319,
        1726,
        948,
        7512,
        275,
        5,
        128,
        154,
        63,
        2
      ],
      [
        73,
        417,
        670,
        281,
        3430,
        2,
        1067,
        16,
        106,
        0
      ],
      [
        8,
        6,
        63,
        488,
        65,
        18218,
        5,
        4,
        14,
        0
      ],
      [
        295,
        0,
        19,
        723,
        7450,
        6,
        28376,
        22,
        108,
        1
      ],
      [
        38,
        228,
        59,
        339,
        38,
        0,
        9,
        2762,
        23,
        0
      ],
      [
        0,
        0,
        4,
        59,
        52,
        0,
        11,
        7,
        245,
        0
      ],
      [
        0,
        0,
        0,
        35,
        3,
        1,
        2,
        0,
        0,
        3
      ]
    ]
  },
  "rare_class_analysis": {
    "Worms": {
      "precision": 0.5,
      "recall": 0.06818181818181818,
      "f1": 0.12,
      "support": 44
    },
    "Shellcode": {
      "precision": 0.40765391014975044,
      "recall": 0.6481481481481481,
      "f1": 0.5005107252298263,
      "support": 378
    },
    "Backdoor": {
      "precision": 0.03234441222395717,
      "recall": 0.24871355060034306,
      "f1": 0.057244374259771025,
      "support": 583
    },
    "Analysis": {
      "precision": 0.020036429872495445,
      "recall": 0.03249630723781388,
      "f1": 0.024788732394366197,
      "support": 677
    }
  }
}