{
  "experiment_id": "binary_rf_s0_s46",
  "seed": 46,
  "task": "binary",
  "model": "rf",
  "strategy": "s0",
  "timestamp": "2026-01-23T07:59:01.147001",
  "training_time_seconds": 257.67397236824036,
  "total_time_seconds": 261.98344111442566,
  "train_samples": 140272,
  "test_samples": 82332,
  "metrics": {
    "overall": {
      "accuracy": 0.8705120730700092,
      "macro_f1": 0.8641155924111131,
      "weighted_f1": 0.8670991605043742,
      "g_mean": 0.857335766632246,
      "roc_auc": 0.9807940068587073
    },
    "per_class": {
      "Normal": {
        "precision": 0.9794313589864939,
        "recall": 0.7271351351351352,
        "f1": 0.8346336999177899,
        "support": 37000
      },
      "Attack": {
        "precision": 0.8159779815175984,
        "recall": 0.9875363981293568,
        "f1": 0.8935974849044364,
        "support": 45332
      }
    },
    "confusion_matrix": [
      [
        26904,
        10096
      ],
      [
        565,
        44767
      ]
    ]
  },
  "rare_class_analysis": null
}