{
  "experiment_id": "binary_lr_s1_s44",
  "seed": 44,
  "task": "binary",
  "model": "lr",
  "strategy": "s1",
  "timestamp": "2026-01-22T22:05:06.228186",
  "training_time_seconds": 398.0773169994354,
  "total_time_seconds": 398.3683543205261,
  "train_samples": 140272,
  "test_samples": 82332,
  "metrics": {
    "overall": {
      "accuracy": 0.8340620900743332,
      "macro_f1": 0.8277555736818323,
      "weighted_f1": 0.8310909738711377,
      "g_mean": 0.8231277636941627,
      "roc_auc": 0.9548003581981346
    },
    "per_class": {
      "Normal": {
        "precision": 0.894516194468862,
        "recall": 0.715081081081081,
        "f1": 0.794797080116555,
        "support": 37000
      },
      "Attack": {
        "precision": 0.8001668119952989,
        "recall": 0.9311744463072443,
        "f1": 0.8607140672471096,
        "support": 45332
      }
    },
    "confusion_matrix": [
      [
        26458,
        10542
      ],
      [
        3120,
        42212
      ]
    ]
  },
  "rare_class_analysis": null
}