{
  "experiment_id": "binary_rf_s1_s46",
  "seed": 46,
  "task": "binary",
  "model": "rf",
  "strategy": "s1",
  "timestamp": "2026-01-22T22:06:20.350390",
  "training_time_seconds": 15.84065318107605,
  "total_time_seconds": 23.554329872131348,
  "train_samples": 140272,
  "test_samples": 82332,
  "metrics": {
    "overall": {
      "accuracy": 0.8980469319341204,
      "macro_f1": 0.8947330563180886,
      "weighted_f1": 0.8966231995021505,
      "g_mean": 0.8891978877757136,
      "roc_auc": 0.9842564911487859
    },
    "per_class": {
      "Normal": {
        "precision": 0.9655318317927353,
        "recall": 0.8017567567567567,
        "f1": 0.8760557557143701,
        "support": 37000
      },
      "Attack": {
        "precision": 0.8578708727329096,
        "recall": 0.9766390187946704,
        "f1": 0.9134103569218073,
        "support": 45332
      }
    },
    "confusion_matrix": [
      [
        29665,
        7335
      ],
      [
        1059,
        44273
      ]
    ]
  },
  "rare_class_analysis": null
}