{
  "experiment_id": "binary_rf_s0_s46",
  "seed": 46,
  "task": "binary",
  "model": "rf",
  "strategy": "s0",
  "timestamp": "2026-01-22T22:05:55.707097",
  "training_time_seconds": 21.785458087921143,
  "total_time_seconds": 27.249845504760742,
  "train_samples": 140272,
  "test_samples": 82332,
  "metrics": {
    "overall": {
      "accuracy": 0.8643176407715105,
      "macro_f1": 0.8571002812256119,
      "weighted_f1": 0.8603502968845013,
      "g_mean": 0.8502824292129418,
      "roc_auc": 0.9822234061136933
    },
    "per_class": {
      "Normal": {
        "precision": 0.9813634499981363,
        "recall": 0.7115945945945946,
        "f1": 0.8249855081546006,
        "support": 37000
      },
      "Attack": {
        "precision": 0.8077401221555591,
        "recall": 0.9889702638312892,
        "f1": 0.8892150542966232,
        "support": 45332
      }
    },
    "confusion_matrix": [
      [
        26329,
        10671
      ],
      [
        500,
        44832
      ]
    ]
  },
  "rare_class_analysis": null
}