{
  "experiment_id": "binary_rf_s2a_s44",
  "seed": 44,
  "task": "binary",
  "model": "rf",
  "strategy": "s2a",
  "timestamp": "2026-01-23T08:38:54.308781",
  "training_time_seconds": 371.32978200912476,
  "total_time_seconds": 375.7458600997925,
  "train_samples": 190944,
  "test_samples": 82332,
  "metrics": {
    "overall": {
      "accuracy": 0.8853787105864063,
      "macro_f1": 0.8808665553374961,
      "weighted_f1": 0.8832128873311254,
      "g_mean": 0.8746413105949857,
      "roc_auc": 0.981027969920419
    },
    "per_class": {
      "Normal": {
        "precision": 0.9702139274625542,
        "recall": 0.7685405405405406,
        "f1": 0.8576814610384714,
        "support": 37000
      },
      "Attack": {
        "precision": 0.8384851856741414,
        "recall": 0.9807420806494309,
        "f1": 0.9040516496365207,
        "support": 45332
      }
    },
    "confusion_matrix": [
      [
        28436,
        8564
      ],
      [
        873,
        44459
      ]
    ]
  },
  "rare_class_analysis": null
}