{
  "experiment_id": "binary_rf_s1_s42",
  "seed": 42,
  "task": "binary",
  "model": "rf",
  "strategy": "s1",
  "timestamp": "2026-01-23T08:03:22.684397",
  "training_time_seconds": 251.8209047317505,
  "total_time_seconds": 257.39798069000244,
  "train_samples": 140272,
  "test_samples": 82332,
  "metrics": {
    "overall": {
      "accuracy": 0.8703663217218093,
      "macro_f1": 0.863995697747467,
      "weighted_f1": 0.8669745427418113,
      "g_mean": 0.8572431502357383,
      "roc_auc": 0.980391597964328
    },
    "per_class": {
      "Normal": {
        "precision": 0.9784465525387999,
        "recall": 0.7275675675675676,
        "f1": 0.8345604761830949,
        "support": 37000
      },
      "Attack": {
        "precision": 0.8161221474306354,
        "recall": 0.986918732903909,
        "f1": 0.8934309193118392,
        "support": 45332
      }
    },
    "confusion_matrix": [
      [
        26920,
        10080
      ],
      [
        593,
        44739
      ]
    ]
  },
  "rare_class_analysis": null
}