{
  "experiment_id": "binary_rf_s1_s43",
  "seed": 43,
  "task": "binary",
  "model": "rf",
  "strategy": "s1",
  "timestamp": "2026-01-23T08:07:40.412326",
  "training_time_seconds": 249.4106879234314,
  "total_time_seconds": 254.63965034484863,
  "train_samples": 140272,
  "test_samples": 82332,
  "metrics": {
    "overall": {
      "accuracy": 0.8704149055045426,
      "macro_f1": 0.8640061012887248,
      "weighted_f1": 0.8669937450377425,
      "g_mean": 0.8572251747467929,
      "roc_auc": 0.9807424613243791
    },
    "per_class": {
      "Normal": {
        "precision": 0.979460286244947,
        "recall": 0.7268918918918919,
        "f1": 0.8344839355249073,
        "support": 37000
      },
      "Attack": {
        "precision": 0.8158475024146666,
        "recall": 0.9875584576016941,
        "f1": 0.8935282670525423,
        "support": 45332
      }
    },
    "confusion_matrix": [
      [
        26895,
        10105
      ],
      [
        564,
        44768
      ]
    ]
  },
  "rare_class_analysis": null
}