{
  "experiment_id": "binary_rf_s2a_s42",
  "seed": 42,
  "task": "binary",
  "model": "rf",
  "strategy": "s2a",
  "timestamp": "2026-01-23T08:26:24.976140",
  "training_time_seconds": 336.4600598812103,
  "total_time_seconds": 342.4830014705658,
  "train_samples": 190944,
  "test_samples": 82332,
  "metrics": {
    "overall": {
      "accuracy": 0.8850993538356896,
      "macro_f1": 0.8805673946086896,
      "weighted_f1": 0.8829218206143864,
      "g_mean": 0.8743404348935542,
      "roc_auc": 0.9808937320692263
    },
    "per_class": {
      "Normal": {
        "precision": 0.9700621287635693,
        "recall": 0.7680270270270271,
        "f1": 0.8573023199686246,
        "support": 37000
      },
      "Attack": {
        "precision": 0.8381726309438515,
        "recall": 0.9806538427600812,
        "f1": 0.9038324692487547,
        "support": 45332
      }
    },
    "confusion_matrix": [
      [
        28417,
        8583
      ],
      [
        877,
        44455
      ]
    ]
  },
  "rare_class_analysis": null
}