{
  "experiment_id": "binary_rf_s2a_s43",
  "seed": 43,
  "task": "binary",
  "model": "rf",
  "strategy": "s2a",
  "timestamp": "2026-01-23T08:32:35.526643",
  "training_time_seconds": 361.6326484680176,
  "total_time_seconds": 367.7101399898529,
  "train_samples": 190944,
  "test_samples": 82332,
  "metrics": {
    "overall": {
      "accuracy": 0.8850143322159063,
      "macro_f1": 0.8804890073310259,
      "weighted_f1": 0.8828424813302034,
      "g_mean": 0.8742756456270971,
      "roc_auc": 0.9808827518178197
    },
    "per_class": {
      "Normal": {
        "precision": 0.9696700897274061,
        "recall": 0.7681621621621622,
        "f1": 0.8572333398681968,
        "support": 37000
      },
      "Attack": {
        "precision": 0.838215046868222,
        "recall": 0.9803891290920321,
        "f1": 0.9037446747938548,
        "support": 45332
      }
    },
    "confusion_matrix": [
      [
        28422,
        8578
      ],
      [
        889,
        44443
      ]
    ]
  },
  "rare_class_analysis": null
}