{
  "experiment_id": "binary_rf_s2a_s46",
  "seed": 46,
  "task": "binary",
  "model": "rf",
  "strategy": "s2a",
  "timestamp": "2026-01-23T08:51:08.586639",
  "training_time_seconds": 376.45727729797363,
  "total_time_seconds": 381.10488176345825,
  "train_samples": 190944,
  "test_samples": 82332,
  "metrics": {
    "overall": {
      "accuracy": 0.8854880240975562,
      "macro_f1": 0.8809760772650856,
      "weighted_f1": 0.8833212763298481,
      "g_mean": 0.8747430619978489,
      "roc_auc": 0.9808077594492048
    },
    "per_class": {
      "Normal": {
        "precision": 0.9704798307282779,
        "recall": 0.7685675675675676,
        "f1": 0.8578021779131851,
        "support": 37000
      },
      "Attack": {
        "precision": 0.8385253630020743,
        "recall": 0.9809185564281302,
        "f1": 0.9041499766169863,
        "support": 45332
      }
    },
    "confusion_matrix": [
      [
        28437,
        8563
      ],
      [
        865,
        44467
      ]
    ]
  },
  "rare_class_analysis": null
}