{
  "experiment_id": "binary_lr_s2a_s45",
  "seed": 45,
  "task": "binary",
  "model": "lr",
  "strategy": "s2a",
  "timestamp": "2026-01-23T06:23:39.882650",
  "training_time_seconds": 69.35230159759521,
  "total_time_seconds": 69.6512382030487,
  "train_samples": 190944,
  "test_samples": 82332,
  "metrics": {
    "overall": {
      "accuracy": 0.8375115386483991,
      "macro_f1": 0.8314880596445893,
      "weighted_f1": 0.8347122422900823,
      "g_mean": 0.82684638021945,
      "roc_auc": 0.9564207438931034
    },
    "per_class": {
      "Normal": {
        "precision": 0.8967950010078614,
        "recall": 0.7214594594594594,
        "f1": 0.7996285534553516,
        "support": 37000
      },
      "Attack": {
        "precision": 0.80394171137237,
        "recall": 0.9322333009794406,
        "f1": 0.863347565833827,
        "support": 45332
      }
    },
    "confusion_matrix": [
      [
        26694,
        10306
      ],
      [
        3072,
        42260
      ]
    ]
  },
  "rare_class_analysis": null
}