{
  "validation_0": {
    "score": [
      0.9965424318466979,
      0.9978470400365005,
      0.9980466522185468,
      0.9981607163225733,
      0.9982034903615832,
      0.9982391353940915,
      0.9982747804265998,
      0.9982747804265998,
      0.9982676514200981,
      0.9982605224135964,
      0.9982819094331014,
      0.9982819094331014,
      0.9982819094331014,
      0.9982819094331014,
      0.9982819094331014,
      0.9982819094331014,
      0.9982819094331014,
      0.9982819094331014,
      0.9982819094331014,
      0.9982819094331014,
      0.9982819094331014,
      0.9982819094331014,
      0.9982819094331014,
      0.9982819094331014,
      0.9982819094331014,
      0.9982819094331014,
      0.9982819094331014,
      0.9982819094331014,
      0.9982819094331014,
      0.9982819094331014
    ]
  },
  "validation_1": {
    "score": [
      0.9548604180330206,
      0.9567139068693148,
      0.957683424106761,
      0.9581966979383502,
      0.9582252131512162,
      0.9579970914482877,
      0.9588240326214035,
      0.9591091847500641,
      0.9594513673044569,
      0.9594228520915908,
      0.9593087912401266,
      0.9593943368787248,
      0.9593658216658587,
      0.9592232456015284,
      0.9594228520915908,
      0.9591376999629302,
      0.9593373064529926,
      0.9592802760272605,
      0.9592802760272605,
      0.9593373064529926,
      0.9594513673044569,
      0.959479882517323,
      0.959508397730189,
      0.95993612592318,
      0.95993612592318,
      0.9597935498588497,
      0.9598790954974479,
      0.959508397730189,
      0.9595939433687872,
      0.9596509737945194
    ]
  }
}