{
  "validation_0": {
    "score": [
      0.99629291661914,
      0.9979254591080187,
      0.9981036842705601,
      0.9982248773810882,
      0.9982391353940915,
      0.9982391353940915,
      0.9982533934070947,
      0.9982533934070947,
      0.9982533934070947,
      0.9982676514200981,
      0.9982676514200981,
      0.9982676514200981,
      0.9982676514200981,
      0.9982676514200981,
      0.9982533934070947,
      0.9982533934070947,
      0.9982676514200981,
      0.9982676514200981,
      0.9982676514200981,
      0.9982676514200981,
      0.9982676514200981,
      0.9982819094331014,
      0.9982819094331014,
      0.9982819094331014,
      0.9982819094331014,
      0.9982676514200981,
      0.9982819094331014,
      0.9982819094331014,
      0.9982676514200981,
      0.9982676514200981
    ]
  },
  "validation_1": {
    "score": [
      0.9543471442014315,
      0.9569705437851094,
      0.9577404545324931,
      0.9580541218740198,
      0.9584248196412786,
      0.9589380934728677,
      0.9586529413442071,
      0.9586529413442071,
      0.9583107587898144,
      0.9587670021956713,
      0.9591091847500641,
      0.9593658216658587,
      0.9594513673044569,
      0.9595939433687872,
      0.959508397730189,
      0.9590806695371981,
      0.9595369129430551,
      0.9596224585816533,
      0.9597650346459836,
      0.9597080042202515,
      0.9596794890073854,
      0.9595939433687872,
      0.9596224585816533,
      0.9597080042202515,
      0.9596794890073854,
      0.9596794890073854,
      0.9598505802845818,
      0.95993612592318,
      0.9597365194331176,
      0.9595369129430551
    ]
  }
}