{
  "validation_0": {
    "score": [
      0.9963499486711532,
      0.9978042659974906,
      0.9980609102315501,
      0.998167845329075,
      0.9982034903615832,
      0.9982320063875898,
      0.9982462644005932,
      0.9982462644005932,
      0.9982533934070947,
      0.9982676514200981,
      0.9982747804265998,
      0.9982747804265998,
      0.9982819094331014,
      0.9982819094331014,
      0.9982819094331014,
      0.9982819094331014,
      0.9982819094331014,
      0.9982819094331014,
      0.9982819094331014,
      0.9982819094331014,
      0.9982819094331014,
      0.9982819094331014,
      0.9982819094331014,
      0.9982819094331014,
      0.9982819094331014,
      0.9982819094331014,
      0.9982747804265998,
      0.9982819094331014,
      0.9982819094331014,
      0.9982819094331014
    ]
  },
  "validation_1": {
    "score": [
      0.9557443896318686,
      0.957683424106761,
      0.9583963044284125,
      0.9589380934728677,
      0.9591376999629302,
      0.9588810630471356,
      0.959052154324332,
      0.958624426131341,
      0.9590236391114659,
      0.9593943368787248,
      0.959479882517323,
      0.9592802760272605,
      0.959508397730189,
      0.9598790954974479,
      0.9597365194331176,
      0.9597365194331176,
      0.9595939433687872,
      0.9599076107103139,
      0.9596794890073854,
      0.9597935498588497,
      0.9599076107103139,
      0.9596509737945194,
      0.9597365194331176,
      0.9596224585816533,
      0.9597080042202515,
      0.9595369129430551,
      0.9597935498588497,
      0.9598220650717157,
      0.9598505802845818,
      0.9598790954974479
    ]
  }
}