{
  "validation_0": {
    "score": [
      0.997140522875817,
      0.9981041561923915,
      0.9982926931456343,
      0.9983450645215352,
      0.9983660130718954,
      0.9983764873470756,
      0.9983764873470756,
      0.9983764873470756,
      0.9983817244846657,
      0.9983817244846657,
      0.9983817244846657,
      0.9983817244846657,
      0.9983817244846657,
      0.9983817244846657,
      0.9983817244846657,
      0.9983817244846657,
      0.9983817244846657,
      0.9983817244846657,
      0.9983817244846657,
      0.9983817244846657,
      0.9983817244846657,
      0.9983817244846657,
      0.9983817244846657,
      0.9983817244846657,
      0.9983817244846657,
      0.9983817244846657,
      0.9983817244846657,
      0.9983817244846657,
      0.9983817244846657,
      0.9983817244846657
    ]
  },
  "validation_1": {
    "score": [
      0.9539479312213066,
      0.9558584504833328,
      0.9564857851663863,
      0.9575408480424307,
      0.9577974849582253,
      0.9573412415523682,
      0.9577689697453592,
      0.9575978784681628,
      0.9580541218740198,
      0.9578545153839574,
      0.9583963044284125,
      0.958111152299752,
      0.9583392740026804,
      0.9583107587898144,
      0.9586814565570732,
      0.9584248196412786,
      0.9581681827254841,
      0.9583107587898144,
      0.9581681827254841,
      0.9585388804927428,
      0.9583963044284125,
      0.9585103652798768,
      0.9581966979383502,
      0.9583107587898144,
      0.9582822435769484,
      0.9583963044284125,
      0.9582822435769484,
      0.9583677892155464,
      0.9583107587898144,
      0.9583677892155464
    ]
  }
}