{
  "experiment_id": "binary_lr_s2a_s43",
  "seed": 43,
  "task": "binary",
  "model": "lr",
  "strategy": "s2a",
  "timestamp": "2026-01-23T07:36:12.927956",
  "training_time_seconds": 68.71240401268005,
  "total_time_seconds": 69.15260124206543,
  "train_samples": 190944,
  "test_samples": 82332,
  "metrics": {
    "overall": {
      "accuracy": 0.837948792692999,
      "macro_f1": 0.8318660186832372,
      "weighted_f1": 0.8351023962725945,
      "g_mean": 0.8271714211785244,
      "roc_auc": 0.956588672520575
    },
    "per_class": {
      "Normal": {
        "precision": 0.8986586681046104,
        "recall": 0.7206756756756757,
        "f1": 0.7998860091192704,
        "support": 37000
      },
      "Attack": {
        "precision": 0.8037409798708697,
        "recall": 0.933667166681373,
        "f1": 0.8638460282472038,
        "support": 45332
      }
    },
    "confusion_matrix": [
      [
        26665,
        10335
      ],
      [
        3007,
        42325
      ]
    ]
  },
  "rare_class_analysis": null
}