{
  "validation_0": {
    "score": [
      0.9964212387361697,
      0.9978256530169956,
      0.9980751682445534,
      0.9981607163225733,
      0.9981892323485799,
      0.9982177483745865,
      0.9982747804265998,
      0.9982819094331014,
      0.9982747804265998,
      0.9982676514200981,
      0.9982819094331014,
      0.9982819094331014,
      0.9982819094331014,
      0.9982819094331014,
      0.9982819094331014,
      0.9982819094331014,
      0.9982819094331014,
      0.9982819094331014,
      0.9982819094331014,
      0.9982819094331014,
      0.9982819094331014,
      0.9982819094331014,
      0.9982819094331014,
      0.9982819094331014,
      0.9982819094331014,
      0.9982819094331014,
      0.9982819094331014,
      0.9982819094331014,
      0.9982819094331014,
      0.9982819094331014
    ]
  },
  "validation_1": {
    "score": [
      0.9555732983546722,
      0.95725569591377,
      0.958139667512618,
      0.9582537283640823,
      0.9580826370868859,
      0.9584533348541446,
      0.9583107587898144,
      0.9586814565570732,
      0.9592232456015284,
      0.9592802760272605,
      0.959508397730189,
      0.9593087912401266,
      0.9590806695371981,
      0.9588525478342695,
      0.9590806695371981,
      0.959479882517323,
      0.9594228520915908,
      0.9591947303886623,
      0.9590236391114659,
      0.9590236391114659,
      0.9589380934728677,
      0.9589095782600017,
      0.959052154324332,
      0.9591091847500641,
      0.9592517608143944,
      0.9592517608143944,
      0.9593373064529926,
      0.9592802760272605,
      0.9593943368787248,
      0.9594228520915908
    ]
  }
}