{
  "validation_0": {
    "score": [
      0.9964853997946846,
      0.9978327820234972,
      0.9981322002965667,
      0.9981963613550816,
      0.9982391353940915,
      0.9982605224135964,
      0.9982676514200981,
      0.9982747804265998,
      0.9982747804265998,
      0.9982676514200981,
      0.9982676514200981,
      0.9982747804265998,
      0.9982819094331014,
      0.9982819094331014,
      0.9982747804265998,
      0.9982747804265998,
      0.9982819094331014,
      0.9982819094331014,
      0.9982676514200981,
      0.9982819094331014,
      0.9982819094331014,
      0.9982819094331014,
      0.9982819094331014,
      0.9982819094331014,
      0.9982819094331014,
      0.9982819094331014,
      0.9982819094331014,
      0.9982819094331014,
      0.9982819094331014,
      0.9982819094331014
    ]
  },
  "validation_1": {
    "score": [
      0.9538338703698424,
      0.9572842111266361,
      0.9578830305968234,
      0.9577689697453592,
      0.9583963044284125,
      0.9582822435769484,
      0.9583392740026804,
      0.958139667512618,
      0.9578260001710913,
      0.9582252131512162,
      0.9584248196412786,
      0.9585103652798768,
      0.9584533348541446,
      0.9584533348541446,
      0.9588525478342695,
      0.9587670021956713,
      0.9588525478342695,
      0.9589951238985999,
      0.9590236391114659,
      0.9589666086857338,
      0.959052154324332,
      0.9591662151757963,
      0.9594513673044569,
      0.9594228520915908,
      0.9593087912401266,
      0.9591947303886623,
      0.9592232456015284,
      0.959479882517323,
      0.959052154324332,
      0.9591662151757963
    ]
  }
}