{
  "validation_0": {
    "score": [
      0.9972766884531591,
      0.9980570219540807,
      0.9982979302832244,
      0.998334590246355,
      0.9983607759343054,
      0.9983607759343054,
      0.9983607759343054,
      0.9983712502094855,
      0.9983660130718954,
      0.9983660130718954,
      0.9983712502094855,
      0.9983712502094855,
      0.9983712502094855,
      0.9983712502094855,
      0.9983712502094855,
      0.9983712502094855,
      0.9983712502094855,
      0.9983712502094855,
      0.9983712502094855,
      0.9983712502094855,
      0.9983712502094855,
      0.9983712502094855,
      0.9983712502094855,
      0.9983712502094855,
      0.9983712502094855,
      0.9983712502094855,
      0.9983712502094855,
      0.9983712502094855,
      0.9983712502094855,
      0.9983712502094855
    ]
  },
  "validation_1": {
    "score": [
      0.9539764464341727,
      0.9565713308049845,
      0.9573982719781003,
      0.9578260001710913,
      0.9579400610225556,
      0.9581966979383502,
      0.9581966979383502,
      0.9582252131512162,
      0.9584248196412786,
      0.9587955174085374,
      0.9591662151757963,
      0.9586529413442071,
      0.9584818500670107,
      0.9588525478342695,
      0.9587955174085374,
      0.9586814565570732,
      0.9585103652798768,
      0.9583677892155464,
      0.9584248196412786,
      0.9583392740026804,
      0.9584818500670107,
      0.9587099717699392,
      0.9588810630471356,
      0.958624426131341,
      0.9583963044284125,
      0.9586814565570732,
      0.9587099717699392,
      0.9586814565570732,
      0.9588525478342695,
      0.9589380934728677
    ]
  }
}