{
  "validation_0": {
    "score": [
      0.9972505027652087,
      0.9981146304675717,
      0.9983241159711748,
      0.9983607759343054,
      0.9983607759343054,
      0.9983764873470756,
      0.9983764873470756,
      0.9983817244846657,
      0.9983817244846657,
      0.9983817244846657,
      0.9983817244846657,
      0.9983817244846657,
      0.9983817244846657,
      0.9983817244846657,
      0.9983817244846657,
      0.9983817244846657,
      0.9983817244846657,
      0.9983817244846657,
      0.9983817244846657,
      0.9983817244846657,
      0.9983817244846657,
      0.9983817244846657,
      0.9983817244846657,
      0.9983817244846657,
      0.9983817244846657,
      0.9983817244846657,
      0.9983817244846657,
      0.9983817244846657,
      0.9983817244846657,
      0.9983817244846657
    ]
  },
  "validation_1": {
    "score": [
      0.9530354444095925,
      0.9565428155921184,
      0.9577404545324931,
      0.9578545153839574,
      0.9576263936810289,
      0.9580256066611538,
      0.9582252131512162,
      0.9582537283640823,
      0.9582822435769484,
      0.9583392740026804,
      0.9580826370868859,
      0.9583107587898144,
      0.9582822435769484,
      0.9584818500670107,
      0.9587955174085374,
      0.9589951238985999,
      0.9589095782600017,
      0.9589380934728677,
      0.9589095782600017,
      0.9588810630471356,
      0.9587955174085374,
      0.9589951238985999,
      0.9588810630471356,
      0.9592232456015284,
      0.9591091847500641,
      0.9589380934728677,
      0.9588810630471356,
      0.958595910918475,
      0.9589095782600017,
      0.958595910918475
    ]
  }
}