{
  "validation_0": {
    "score": [
      0.9972819255907491,
      0.998271744595274,
      0.9983921987598459,
      0.9984393329981566,
      0.9984759929612871,
      0.9984917043740573,
      0.9984917043740573,
      0.9984917043740573,
      0.9984917043740573,
      0.9984917043740573,
      0.9984917043740573,
      0.9984917043740573,
      0.9984917043740573,
      0.9984917043740573,
      0.9984917043740573,
      0.9984917043740573,
      0.9984917043740573,
      0.9984917043740573,
      0.9984917043740573,
      0.9984917043740573,
      0.9984917043740573,
      0.9984917043740573,
      0.9984917043740573,
      0.9984917043740573,
      0.9984917043740573,
      0.9984917043740573,
      0.9984917043740573,
      0.9984917043740573,
      0.9984917043740573,
      0.9984917043740573
    ]
  },
  "validation_1": {
    "score": [
      0.9529213835581283,
      0.9570560894237076,
      0.9574838176166985,
      0.9576263936810289,
      0.9575408480424307,
      0.958139667512618,
      0.9578830305968234,
      0.9576263936810289,
      0.958139667512618,
      0.9586814565570732,
      0.9587670021956713,
      0.9588525478342695,
      0.9589095782600017,
      0.9587384869828053,
      0.9585673957056089,
      0.9587384869828053,
      0.9589951238985999,
      0.959052154324332,
      0.9589380934728677,
      0.9588525478342695,
      0.9587955174085374,
      0.9587955174085374,
      0.9589095782600017,
      0.9587955174085374,
      0.9588240326214035,
      0.9589666086857338,
      0.9588525478342695,
      0.9588525478342695,
      0.9588240326214035,
      0.9586814565570732
    ]
  }
}