{
  "experiment_id": "binary_lr_s2a_s46",
  "seed": 46,
  "task": "binary",
  "model": "lr",
  "strategy": "s2a",
  "timestamp": "2026-01-23T06:24:43.580322",
  "training_time_seconds": 61.65148901939392,
  "total_time_seconds": 61.93874931335449,
  "train_samples": 190944,
  "test_samples": 82332,
  "metrics": {
    "overall": {
      "accuracy": 0.8372807656804159,
      "macro_f1": 0.831227008815425,
      "weighted_f1": 0.8344617873826734,
      "g_mean": 0.8265796883533141,
      "roc_auc": 0.9563416123924153
    },
    "per_class": {
      "Normal": {
        "precision": 0.8968358048354014,
        "recall": 0.7208378378378378,
        "f1": 0.7992627998621495,
        "support": 37000
      },
      "Attack": {
        "precision": 0.8036050424961497,
        "recall": 0.9323215388687902,
        "f1": 0.8631912177687006,
        "support": 45332
      }
    },
    "confusion_matrix": [
      [
        26671,
        10329
      ],
      [
        3068,
        42264
      ]
    ]
  },
  "rare_class_analysis": null
}