{
  "validation_0": {
    "score": [
      0.9965709478727045,
      0.9977971369909889,
      0.9980609102315501,
      0.9982177483745865,
      0.9982320063875898,
      0.9982177483745865,
      0.9982248773810882,
      0.9982320063875898,
      0.9982605224135964,
      0.9982605224135964,
      0.9982605224135964,
      0.9982605224135964,
      0.9982605224135964,
      0.9982676514200981,
      0.9982676514200981,
      0.9982819094331014,
      0.9982819094331014,
      0.9982819094331014,
      0.9982819094331014,
      0.9982819094331014,
      0.9982819094331014,
      0.9982819094331014,
      0.9982819094331014,
      0.9982819094331014,
      0.9982819094331014,
      0.9982819094331014,
      0.9982819094331014,
      0.9982819094331014,
      0.9982819094331014,
      0.9982819094331014
    ]
  },
  "validation_1": {
    "score": [
      0.9539764464341727,
      0.956799452507913,
      0.957683424106761,
      0.9580256066611538,
      0.9584533348541446,
      0.9585103652798768,
      0.9582252131512162,
      0.9582252131512162,
      0.9583107587898144,
      0.9583392740026804,
      0.9584248196412786,
      0.9584533348541446,
      0.9584248196412786,
      0.9583963044284125,
      0.9586814565570732,
      0.9586529413442071,
      0.9588525478342695,
      0.9587955174085374,
      0.9588525478342695,
      0.9592232456015284,
      0.9591091847500641,
      0.9592232456015284,
      0.9593658216658587,
      0.9593658216658587,
      0.9591947303886623,
      0.9594513673044569,
      0.9592232456015284,
      0.9593943368787248,
      0.9593943368787248,
      0.9593373064529926
    ]
  }
}