{
  "experiment_id": "binary_xgb_s0_s42",
  "seed": 42,
  "task": "binary",
  "model": "xgb",
  "strategy": "s0",
  "timestamp": "2026-01-22T23:29:26.447382",
  "training_time_seconds": 132.0051143169403,
  "total_time_seconds": 142.92729330062866,
  "train_samples": 140272,
  "test_samples": 82332,
  "metrics": {
    "overall": {
      "accuracy": 0.873621435164942,
      "macro_f1": 0.8676666060919551,
      "weighted_f1": 0.8705074670044157,
      "g_mean": 0.8609715742831864,
      "roc_auc": 0.9853670469640204
    },
    "per_class": {
      "Normal": {
        "precision": 0.9771773064915491,
        "recall": 0.7359729729729729,
        "f1": 0.8395948633357485,
        "support": 37000
      },
      "Attack": {
        "precision": 0.8206371063986047,
        "recall": 0.9859701755933998,
        "f1": 0.8957383488481617,
        "support": 45332
      }
    },
    "confusion_matrix": [
      [
        27231,
        9769
      ],
      [
        636,
        44696
      ]
    ]
  },
  "rare_class_analysis": null
}