{
  "experiment_id": "binary_rf_s2a_s43",
  "seed": 43,
  "task": "binary",
  "model": "rf",
  "strategy": "s2a",
  "timestamp": "2026-01-22T22:06:45.072964",
  "training_time_seconds": 28.91642141342163,
  "total_time_seconds": 36.039265394210815,
  "train_samples": 190944,
  "test_samples": 82332,
  "metrics": {
    "overall": {
      "accuracy": 0.9003668075596366,
      "macro_f1": 0.8972850659616172,
      "weighted_f1": 0.8990855758132895,
      "g_mean": 0.8919727034896893,
      "roc_auc": 0.9840115183236708
    },
    "per_class": {
      "Normal": {
        "precision": 0.9634063918123008,
        "recall": 0.809027027027027,
        "f1": 0.8794934700533267,
        "support": 37000
      },
      "Attack": {
        "precision": 0.8621564152084431,
        "recall": 0.9749183799523515,
        "f1": 0.9150766618699078,
        "support": 45332
      }
    },
    "confusion_matrix": [
      [
        29934,
        7066
      ],
      [
        1137,
        44195
      ]
    ]
  },
  "rare_class_analysis": null
}