{
  "experiment_id": "binary_lr_s2a_s42",
  "seed": 42,
  "task": "binary",
  "model": "lr",
  "strategy": "s2a",
  "timestamp": "2026-01-23T07:35:01.108784",
  "training_time_seconds": 68.4131863117218,
  "total_time_seconds": 68.84940505027771,
  "train_samples": 190944,
  "test_samples": 82332,
  "metrics": {
    "overall": {
      "accuracy": 0.8369285332555992,
      "macro_f1": 0.8308398586086583,
      "weighted_f1": 0.8340876714869113,
      "g_mean": 0.826190280238767,
      "roc_auc": 0.9560560346369489
    },
    "per_class": {
      "Normal": {
        "precision": 0.8967084006462036,
        "recall": 0.720081081081081,
        "f1": 0.7987468521405444,
        "support": 37000
      },
      "Attack": {
        "precision": 0.803173698213607,
        "recall": 0.9322994793964529,
        "f1": 0.8629328650767722,
        "support": 45332
      }
    },
    "confusion_matrix": [
      [
        26643,
        10357
      ],
      [
        3069,
        42263
      ]
    ]
  },
  "rare_class_analysis": null
}