{
  "experiment_id": "binary_lr_s1_s45",
  "seed": 45,
  "task": "binary",
  "model": "lr",
  "strategy": "s1",
  "timestamp": "2026-01-23T07:32:59.199017",
  "training_time_seconds": 46.43837857246399,
  "total_time_seconds": 46.6199369430542,
  "train_samples": 140272,
  "test_samples": 82332,
  "metrics": {
    "overall": {
      "accuracy": 0.8360418792207162,
      "macro_f1": 0.8298752878382524,
      "weighted_f1": 0.8331531212927141,
      "g_mean": 0.8252261477483837,
      "roc_auc": 0.9560570714321487
    },
    "per_class": {
      "Normal": {
        "precision": 0.8962133728967866,
        "recall": 0.7183513513513513,
        "f1": 0.7974856354171355,
        "support": 37000
      },
      "Attack": {
        "precision": 0.8021642145230186,
        "recall": 0.932100944145416,
        "f1": 0.8622649402593693,
        "support": 45332
      }
    },
    "confusion_matrix": [
      [
        26579,
        10421
      ],
      [
        3078,
        42254
      ]
    ]
  },
  "rare_class_analysis": null
}