{
  "experiment_id": "binary_rf_s0_s45",
  "seed": 45,
  "task": "binary",
  "model": "rf",
  "strategy": "s0",
  "timestamp": "2026-01-23T07:54:36.291003",
  "training_time_seconds": 262.9775741100311,
  "total_time_seconds": 267.3364017009735,
  "train_samples": 140272,
  "test_samples": 82332,
  "metrics": {
    "overall": {
      "accuracy": 0.8701719865908759,
      "macro_f1": 0.86379030964799,
      "weighted_f1": 0.8667739880211522,
      "g_mean": 0.8570443204609357,
      "roc_auc": 0.9807679808547629
    },
    "per_class": {
      "Normal": {
        "precision": 0.9781905419650322,
        "recall": 0.7273243243243244,
        "f1": 0.8343073274325309,
        "support": 37000
      },
      "Attack": {
        "precision": 0.8159646850659419,
        "recall": 0.986764316597547,
        "f1": 0.893273291863449,
        "support": 45332
      }
    },
    "confusion_matrix": [
      [
        26911,
        10089
      ],
      [
        600,
        44732
      ]
    ]
  },
  "rare_class_analysis": null
}