{
  "experiment_id": "binary_lr_s2a_s43",
  "seed": 43,
  "task": "binary",
  "model": "lr",
  "strategy": "s2a",
  "timestamp": "2026-01-22T22:08:38.025137",
  "training_time_seconds": 609.4969761371613,
  "total_time_seconds": 610.0514266490936,
  "train_samples": 190944,
  "test_samples": 82332,
  "metrics": {
    "overall": {
      "accuracy": 0.8355560413933829,
      "macro_f1": 0.8293679015249946,
      "weighted_f1": 0.8326563498561006,
      "g_mean": 0.8247303152000496,
      "roc_auc": 0.9553390946315592
    },
    "per_class": {
      "Normal": {
        "precision": 0.8955923515327285,
        "recall": 0.7177567567567568,
        "f1": 0.7968733590386029,
        "support": 37000
      },
      "Attack": {
        "precision": 0.8017616127868791,
        "recall": 0.9317038736433425,
        "f1": 0.8618624440113865,
        "support": 45332
      }
    },
    "confusion_matrix": [
      [
        26557,
        10443
      ],
      [
        3096,
        42236
      ]
    ]
  },
  "rare_class_analysis": null
}