{
  "experiment_id": "multi_lr_s0_s42",
  "seed": 42,
  "task": "multi",
  "model": "lr",
  "strategy": "s0",
  "timestamp": "2026-01-22T23:31:21.543478",
  "training_time_seconds": 256.97113609313965,
  "total_time_seconds": 257.9057629108429,
  "train_samples": 140272,
  "test_samples": 82332,
  "metrics": {
    "overall": {
      "accuracy": 0.6976388281591605,
      "macro_f1": 0.3380009199237355,
      "weighted_f1": 0.7074308086900635,
      "g_mean": 0.6090904556095297,
      "roc_auc": 0.9489383192556311
    },
    "per_class": {
      "Analysis": {
        "precision": 0.01567398119122257,
        "recall": 0.007385524372230428,
        "f1": 0.010040160642570281,
        "support": 677
      },
      "Backdoor": {
        "precision": 0.0,
        "recall": 0.0,
        "f1": 0.0,
        "support": 583
      },
      "DoS": {
        "precision": 0.23109243697478993,
        "recall": 0.02690144289557349,
        "f1": 0.04819277108433735,
        "support": 4089
      },
      "Exploits": {
        "precision": 0.5355395155370688,
        "recall": 0.7864714337046352,
        "f1": 0.6371906841339156,
        "support": 11132
      },
      "Fuzzers": {
        "precision": 0.2622313806299676,
        "recall": 0.7347410095677994,
        "f1": 0.38651451381958607,
        "support": 6062
      },
      "Generic": {
        "precision": 0.9923547400611621,
        "recall": 0.9629590376768586,
        "f1": 0.9774359250194982,
        "support": 18871
      },
      "Normal": {
        "precision": 0.9508805946033285,
        "recall": 0.6362162162162163,
        "f1": 0.7623550748105448,
        "support": 37000
      },
      "Reconnaissance": {
        "precision": 0.4701507144255236,
        "recall": 0.687070938215103,
        "f1": 0.5582800697269029,
        "support": 3496
      },
      "Shellcode": {
        "precision": 0.0,
        "recall": 0.0,
        "f1": 0.0,
        "support": 378
      },
      "Worms": {
        "precision": 0.0,
        "recall": 0.0,
        "f1": 0.0,
        "support": 44
      }
    },
    "confusion_matrix": [
      [
        5,
        0,
        55,
        368,
        183,
        8,
        58,
        0,
        0,
        0
      ],
      [
        5,
        0,
        53,
        286,
        198,
        8,
        5,
        28,
        0,
        0
      ],
      [
        5,
        0,
        110,
        3318,
        393,
        36,
        97,
        130,
        0,
        0
      ],
      [
        26,
        1,
        142,
        8755,
        1154,
        53,
        671,
        329,
        0,
        1
      ],
      [
        10,
        0,
        107,
        874,
        4454,
        19,
        343,
        252,
        3,
        0
      ],
      [
        0,
        0,
        5,
        437,
        190,
        18172,
        20,
        45,
        0,
        2
      ],
      [
        268,
        0,
        0,
        1561,
        9947,
        2,
        23540,
        1662,
        19,
        1
      ],
      [
        0,
        0,
        4,
        719,
        344,
        9,
        18,
        2402,
        0,
        0
      ],
      [
        0,
        0,
        0,
        1,
        114,
        0,
        3,
        260,
        0,
        0
      ],
      [
        0,
        0,
        0,
        29,
        8,
        5,
        1,
        1,
        0,
        0
      ]
    ]
  },
  "rare_class_analysis": {
    "Worms": {
      "precision": 0.0,
      "recall": 0.0,
      "f1": 0.0,
      "support": 44
    },
    "Shellcode": {
      "precision": 0.0,
      "recall": 0.0,
      "f1": 0.0,
      "support": 378
    },
    "Backdoor": {
      "precision": 0.0,
      "recall": 0.0,
      "f1": 0.0,
      "support": 583
    },
    "Analysis": {
      "precision": 0.01567398119122257,
      "recall": 0.007385524372230428,
      "f1": 0.010040160642570281,
      "support": 677
    }
  }
}