{
  "experiment_id": "multi_xgb_s1_s42",
  "seed": 42,
  "task": "multi",
  "model": "xgb",
  "strategy": "s1",
  "timestamp": "2026-01-22T23:35:03.065329",
  "training_time_seconds": 150.8622055053711,
  "total_time_seconds": 160.88100409507751,
  "train_samples": 140272,
  "test_samples": 82332,
  "metrics": {
    "overall": {
      "accuracy": 0.6862702229995628,
      "macro_f1": 0.5128342627124204,
      "weighted_f1": 0.7401732734942467,
      "g_mean": 0.7948148755550177,
      "roc_auc": 0.9587963138638808
    },
    "per_class": {
      "Analysis": {
        "precision": 0.04558706599522926,
        "recall": 0.25406203840472674,
        "f1": 0.07730337078651685,
        "support": 677
      },
      "Backdoor": {
        "precision": 0.05540731439334484,
        "recall": 0.6054888507718696,
        "f1": 0.10152430255967788,
        "support": 583
      },
      "DoS": {
        "precision": 0.4629271437782076,
        "recall": 0.17559305453656152,
        "f1": 0.25460992907801416,
        "support": 4089
      },
      "Exploits": {
        "precision": 0.8003964090008161,
        "recall": 0.6166906216313331,
        "f1": 0.6966360545943477,
        "support": 11132
      },
      "Fuzzers": {
        "precision": 0.2570096402243085,
        "recall": 0.6728802375453645,
        "f1": 0.37195094150367025,
        "support": 6062
      },
      "Generic": {
        "precision": 0.9988517060367454,
        "recall": 0.9679932171056118,
        "f1": 0.9831803869856562,
        "support": 18871
      },
      "Normal": {
        "precision": 0.9922629715434717,
        "recall": 0.6135135135135135,
        "f1": 0.7582210197571688,
        "support": 37000
      },
      "Reconnaissance": {
        "precision": 0.8729689807976366,
        "recall": 0.8452517162471396,
        "f1": 0.8588867897107979,
        "support": 3496
      },
      "Shellcode": {
        "precision": 0.2266072565245067,
        "recall": 0.9417989417989417,
        "f1": 0.36531554643406877,
        "support": 378
      },
      "Worms": {
        "precision": 0.5441176470588235,
        "recall": 0.8409090909090909,
        "f1": 0.6607142857142857,
        "support": 44
      }
    },
    "confusion_matrix": [
      [
        172,
        408,
        40,
        37,
        0,
        0,
        20,
        0,
        0,
        0
      ],
      [
        168,
        353,
        44,
        6,
        3,
        0,
        1,
        0,
        8,
        0
      ],
      [
        500,
        2158,
        718,
        540,
        44,
        3,
        19,
        29,
        77,
        1
      ],
      [
        651,
        2320,
        425,
        6865,
        165,
        13,
        27,
        380,
        268,
        18
      ],
      [
        354,
        837,
        74,
        235,
        4079,
        1,
        104,
        11,
        367,
        0
      ],
      [
        12,
        18,
        115,
        365,
        43,
        18267,
        3,
        1,
        38,
        9
      ],
      [
        1874,
        13,
        101,
        429,
        11515,
        3,
        22700,
        7,
        357,
        1
      ],
      [
        42,
        264,
        32,
        90,
        10,
        1,
        2,
        2955,
        98,
        2
      ],
      [
        0,
        0,
        2,
        5,
        12,
        0,
        1,
        2,
        356,
        0
      ],
      [
        0,
        0,
        0,
        5,
        0,
        0,
        0,
        0,
        2,
        37
      ]
    ]
  },
  "rare_class_analysis": {
    "Worms": {
      "precision": 0.5441176470588235,
      "recall": 0.8409090909090909,
      "f1": 0.6607142857142857,
      "support": 44
    },
    "Shellcode": {
      "precision": 0.2266072565245067,
      "recall": 0.9417989417989417,
      "f1": 0.36531554643406877,
      "support": 378
    },
    "Backdoor": {
      "precision": 0.05540731439334484,
      "recall": 0.6054888507718696,
      "f1": 0.10152430255967788,
      "support": 583
    },
    "Analysis": {
      "precision": 0.04558706599522926,
      "recall": 0.25406203840472674,
      "f1": 0.07730337078651685,
      "support": 677
    }
  }
}