{
  "experiment_id": "multi_rf_s0_s42",
  "seed": 42,
  "task": "multi",
  "model": "rf",
  "strategy": "s0",
  "timestamp": "2026-01-22T23:30:30.231450",
  "training_time_seconds": 133.6669545173645,
  "total_time_seconds": 143.76338481903076,
  "train_samples": 140272,
  "test_samples": 82332,
  "metrics": {
    "overall": {
      "accuracy": 0.7505830053927999,
      "macro_f1": 0.4823787491249704,
      "weighted_f1": 0.7842834657774792,
      "g_mean": 0.7016851921612801,
      "roc_auc": 0.9440048254281521
    },
    "per_class": {
      "Analysis": {
        "precision": 0.0316930775646372,
        "recall": 0.056129985228951254,
        "f1": 0.04051172707889126,
        "support": 677
      },
      "Backdoor": {
        "precision": 0.03176043557168784,
        "recall": 0.24013722126929674,
        "f1": 0.056100981767180924,
        "support": 583
      },
      "DoS": {
        "precision": 0.29356652092442226,
        "recall": 0.22988505747126436,
        "f1": 0.2578521464819641,
        "support": 4089
      },
      "Exploits": {
        "precision": 0.7258843997680263,
        "recall": 0.6746316924182537,
        "f1": 0.6993202346587205,
        "support": 11132
      },
      "Fuzzers": {
        "precision": 0.29915406306075365,
        "recall": 0.5775321676014517,
        "f1": 0.3941457922882072,
        "support": 6062
      },
      "Generic": {
        "precision": 0.9989583333333333,
        "recall": 0.9655556144348472,
        "f1": 0.9819729999191614,
        "support": 18871
      },
      "Normal": {
        "precision": 0.9601134790097605,
        "recall": 0.7683243243243243,
        "f1": 0.8535783452686574,
        "support": 37000
      },
      "Reconnaissance": {
        "precision": 0.9169149288315127,
        "recall": 0.7923340961098398,
        "f1": 0.8500843946601196,
        "support": 3496
      },
      "Shellcode": {
        "precision": 0.41008403361344536,
        "recall": 0.6455026455026455,
        "f1": 0.5015416238437821,
        "support": 378
      },
      "Worms": {
        "precision": 0.5555555555555556,
        "recall": 0.11363636363636363,
        "f1": 0.18867924528301888,
        "support": 44
      }
    },
    "confusion_matrix": [
      [
        38,
        209,
        299,
        55,
        66,
        0,
        9,
        1,
        0,
        0
      ],
      [
        38,
        140,
        309,
        17,
        70,
        0,
        6,
        1,
        2,
        0
      ],
      [
        337,
        1726,
        940,
        822,
        163,
        6,
        21,
        36,
        38,
        0
      ],
      [
        351,
        1700,
        897,
        7510,
        330,
        4,
        117,
        160,
        61,
        2
      ],
      [
        105,
        403,
        605,
        312,
        3501,
        2,
        1003,
        18,
        113,
        0
      ],
      [
        8,
        6,
        66,
        487,
        62,
        18221,
        5,
        3,
        12,
        1
      ],
      [
        284,
        0,
        19,
        712,
        7421,
        6,
        28428,
        25,
        104,
        1
      ],
      [
        38,
        224,
        61,
        338,
        36,
        0,
        8,
        2770,
        21,
        0
      ],
      [
        0,
        0,
        6,
        58,
        52,
        0,
        11,
        7,
        244,
        0
      ],
      [
        0,
        0,
        0,
        35,
        2,
        1,
        1,
        0,
        0,
        5
      ]
    ]
  },
  "rare_class_analysis": {
    "Worms": {
      "precision": 0.5555555555555556,
      "recall": 0.11363636363636363,
      "f1": 0.18867924528301888,
      "support": 44
    },
    "Shellcode": {
      "precision": 0.41008403361344536,
      "recall": 0.6455026455026455,
      "f1": 0.5015416238437821,
      "support": 378
    },
    "Backdoor": {
      "precision": 0.03176043557168784,
      "recall": 0.24013722126929674,
      "f1": 0.056100981767180924,
      "support": 583
    },
    "Analysis": {
      "precision": 0.0316930775646372,
      "recall": 0.056129985228951254,
      "f1": 0.04051172707889126,
      "support": 677
    }
  }
}