{
  "validation_0": {
    "score": [
      0.9964283677426714,
      0.9976830728869625,
      0.9980609102315501,
      0.9981892323485799,
      0.9982106193680849,
      0.9982462644005932,
      0.9982391353940915,
      0.9982462644005932,
      0.9982676514200981,
      0.9982676514200981,
      0.9982605224135964,
      0.9982533934070947,
      0.9982605224135964,
      0.9982676514200981,
      0.9982676514200981,
      0.9982819094331014,
      0.9982819094331014,
      0.9982819094331014,
      0.9982819094331014,
      0.9982819094331014,
      0.9982819094331014,
      0.9982819094331014,
      0.9982819094331014,
      0.9982819094331014,
      0.9982819094331014,
      0.9982819094331014,
      0.9982819094331014,
      0.9982819094331014,
      0.9982819094331014,
      0.9982819094331014
    ]
  },
  "validation_1": {
    "score": [
      0.955487752716074,
      0.9577689697453592,
      0.9573412415523682,
      0.9573412415523682,
      0.9576263936810289,
      0.958111152299752,
      0.9583392740026804,
      0.9587384869828053,
      0.9589380934728677,
      0.9590806695371981,
      0.9593373064529926,
      0.9589951238985999,
      0.9589666086857338,
      0.9592232456015284,
      0.9589951238985999,
      0.959479882517323,
      0.9594228520915908,
      0.9594513673044569,
      0.9596794890073854,
      0.9594513673044569,
      0.9595369129430551,
      0.9594513673044569,
      0.9595654281559212,
      0.9595369129430551,
      0.9593943368787248,
      0.959508397730189,
      0.9594513673044569,
      0.9595369129430551,
      0.9595939433687872,
      0.9596224585816533
    ]
  }
}